credit_profile_id,customer_id,credit_limit,credit_score,utilization_ratio,high_utilization_flag
500000,100000,150000.0,337.0,0.27,False
500001,100001,150000.0,438.0,1.1,True
500002,100002,50000.0,494.0,0.65,False
500003,100003,200000.0,826.0,0.96,True
500004,100004,75000.0,300.0,0.31,False
500005,100005,50000.0,606.0,0.61,False
500006,100006,200000.0,395.0,0.46,False
500007,100007,75000.0,712.0,1.0,True
500008,100008,150000.0,837.0,0.08,False
500009,100009,75000.0,728.0,0.33,False
500010,100010,300000.0,534.0,0.23,False
500011,100011,100000.0,648.0,1.04,True
500012,100012,75000.0,780.0,0.59,False
500013,100013,100000.0,695.0,0.51,False
500014,100014,75000.0,650.0,0.57,False
500015,100015,100000.0,715.0,1.17,True
500016,100016,300000.0,350.0,1.03,True
500017,100017,150000.0,606.0,0.86,True
500018,100018,200000.0,335.0,0.38,False
500019,100019,100000.0,366.0,0.24,False
500020,100020,300000.0,780.0,1.11,True
500021,100021,100000.0,606.0,0.54,False
500022,100022,150000.0,441.0,0.37,False
500023,100023,100000.0,655.0,0.59,False
500024,100024,300000.0,770.0,1.11,True
500025,100025,300000.0,890.0,0.5,False
500026,100026,50000.0,738.0,0.7,False
500027,100027,150000.0,830.0,0.97,True
500028,100028,50000.0,426.0,0.54,False
500029,100029,150000.0,606.0,0.32,False
500030,100030,100000.0,328.0,1.19,True
500031,100031,300000.0,744.0,1.15,True
500032,100032,50000.0,763.0,1.02,True
500033,100033,100000.0,579.0,0.84,True
500034,100034,300000.0,450.0,0.39,False
500035,100035,150000.0,539.0,1.1,True
500036,100036,300000.0,565.0,0.37,False
500037,100037,100000.0,404.0,0.97,True
500038,100038,50000.0,732.0,1.11,True
500039,100039,50000.0,796.0,0.74,False
500040,100040,300000.0,739.0,0.97,True
500041,100041,100000.0,457.0,0.96,True
500042,100042,75000.0,471.0,0.27,False
500043,100043,150000.0,606.0,0.82,True
500044,100044,150000.0,610.0,0.16,False
500045,100045,100000.0,702.0,0.63,False
500046,100046,75000.0,762.0,0.24,False
500047,100047,50000.0,666.0,0.53,False
500048,100048,200000.0,849.0,1.01,True
500049,100049,200000.0,554.0,1.19,True
500050,100050,100000.0,507.0,0.42,False
500051,100051,75000.0,749.0,0.66,False
500052,100052,75000.0,394.0,0.64,False
500053,100053,150000.0,606.0,1.15,True
500054,100054,50000.0,489.0,0.6,False
500055,100055,300000.0,783.0,0.85,True
500056,100056,75000.0,835.0,1.11,True
500057,100057,300000.0,722.0,0.48,False
500058,100058,200000.0,432.0,1.09,True
500059,100059,300000.0,354.0,1.11,True
500060,100060,50000.0,809.0,1.12,True
500061,100061,50000.0,840.0,0.36,False
500062,100062,300000.0,709.0,0.51,False
500063,100063,100000.0,510.0,1.05,True
500064,100064,75000.0,592.0,0.46,False
500065,100065,100000.0,414.0,0.74,False
500066,100066,300000.0,558.0,0.19,False
500067,100067,75000.0,421.0,0.11,False
500068,100068,150000.0,598.0,0.52,False
500069,100069,100000.0,680.0,0.72,False
500070,100070,100000.0,860.0,0.5,False
500071,100071,300000.0,800.0,0.71,False
500072,100072,200000.0,596.0,0.64,False
500073,100073,300000.0,661.0,0.84,True
500074,100074,100000.0,888.0,0.8,False
500075,100075,75000.0,762.0,0.54,False
500076,100076,200000.0,606.0,0.54,False
500077,100077,300000.0,606.0,0.21,False
500078,100078,300000.0,496.0,0.64,False
500079,100079,100000.0,520.0,0.73,False
500080,100080,100000.0,390.0,0.6,False
500081,100081,150000.0,710.0,0.42,False
500082,100082,300000.0,307.0,0.88,True
500083,100083,100000.0,843.0,0.14,False
500084,100084,50000.0,767.0,1.1,True
500085,100085,200000.0,619.0,0.07,False
500086,100086,50000.0,693.0,1.16,True
500087,100087,200000.0,568.0,0.58,False
500088,100088,300000.0,490.0,0.52,False
500089,100089,150000.0,360.0,0.34,False
500090,100090,100000.0,737.0,0.06,False
500091,100091,100000.0,563.0,0.37,False
500092,100092,100000.0,394.0,0.18,False
500093,100093,300000.0,852.0,0.81,True
500094,100094,200000.0,769.0,0.42,False
500095,100095,100000.0,813.0,0.93,True
500096,100096,50000.0,493.0,0.29,False
500097,100097,100000.0,781.0,1.09,True
500098,100098,300000.0,635.0,0.65,False
500099,100099,150000.0,606.0,0.18,False
500100,100100,50000.0,495.0,0.51,False
500101,100101,100000.0,548.0,0.29,False
500102,100102,100000.0,797.0,0.28,False
500103,100103,75000.0,511.0,0.63,False
500104,100104,200000.0,765.0,0.82,True
500105,100105,50000.0,520.0,1.1,True
500106,100106,75000.0,572.0,0.63,False
500107,100107,150000.0,453.0,1.16,True
500108,100108,200000.0,548.0,1.13,True
500109,100109,50000.0,578.0,1.04,True
500110,100110,100000.0,739.0,0.62,False
500111,100111,50000.0,606.0,0.21,False
500112,100112,100000.0,813.0,0.3,False
500113,100113,200000.0,387.0,0.79,False
500114,100114,100000.0,804.0,0.54,False
500115,100115,150000.0,606.0,0.22,False
500116,100116,300000.0,540.0,0.6,False
500117,100117,100000.0,535.0,0.07,False
500118,100118,150000.0,606.0,0.89,True
500119,100119,300000.0,802.0,0.13,False
500120,100120,200000.0,499.0,0.77,False
500121,100121,200000.0,842.0,0.96,True
500122,100122,50000.0,801.0,0.2,False
500123,100123,150000.0,791.0,0.65,False
500124,100124,150000.0,320.0,0.95,True
500125,100125,75000.0,533.0,0.35,False
500126,100126,75000.0,715.0,0.24,False
500127,100127,300000.0,447.0,0.44,False
500128,100128,300000.0,328.0,0.69,False
500129,100129,75000.0,660.0,0.71,False
500130,100130,300000.0,606.0,0.2,False
500131,100131,100000.0,461.0,0.58,False
500132,100132,75000.0,360.0,0.36,False
500133,100133,150000.0,424.0,1.02,True
500134,100134,100000.0,755.0,0.41,False
500135,100135,300000.0,370.0,1.01,True
500136,100136,200000.0,765.0,0.54,False
500137,100137,50000.0,606.0,0.89,True
500138,100138,75000.0,789.0,0.64,False
500139,100139,200000.0,520.0,0.77,False
500140,100140,300000.0,772.0,0.5,False
500141,100141,150000.0,832.0,0.93,True
500142,100142,50000.0,793.0,0.54,False
500143,100143,200000.0,381.0,0.58,False
500144,100144,50000.0,821.0,0.65,False
500145,100145,75000.0,311.0,1.01,True
500146,100146,300000.0,562.0,0.81,True
500147,100147,150000.0,748.0,0.45,False
500148,100148,300000.0,606.0,0.82,True
500149,100149,50000.0,413.0,0.79,False
500150,100150,200000.0,325.0,1.12,True
500151,100151,75000.0,798.0,1.02,True
500152,100152,75000.0,807.0,0.79,False
500153,100153,300000.0,844.0,0.44,False
500154,100154,200000.0,361.0,0.95,True
500155,100155,200000.0,528.0,0.71,False
500156,100156,50000.0,334.0,1.18,True
500157,100157,300000.0,755.0,0.33,False
500158,100158,300000.0,887.0,0.14,False
500159,100159,100000.0,801.0,0.13,False
500160,100160,300000.0,894.0,0.79,False
500161,100161,75000.0,324.0,1.13,True
500162,100162,50000.0,868.0,0.05,False
500163,100163,200000.0,331.0,0.88,True
500164,100164,300000.0,311.0,0.81,True
500165,100165,50000.0,618.0,0.89,True
500166,100166,300000.0,300.0,0.46,False
500167,100167,200000.0,734.0,0.99,True
500168,100168,150000.0,435.0,0.1,False
500169,100169,200000.0,495.0,0.92,True
500170,100170,200000.0,432.0,0.36,False
500171,100171,200000.0,385.0,0.6,False
500172,100172,300000.0,775.0,1.0,True
500173,100173,100000.0,623.0,0.36,False
500174,100174,200000.0,479.0,0.26,False
500175,100175,75000.0,815.0,0.83,True
500176,100176,75000.0,474.0,0.66,False
500177,100177,50000.0,606.0,0.64,False
500178,100178,100000.0,404.0,0.35,False
500179,100179,50000.0,877.0,0.09,False
500180,100180,75000.0,742.0,0.52,False
500181,100181,75000.0,348.0,0.17,False
500182,100182,150000.0,827.0,1.09,True
500183,100183,200000.0,444.0,0.1,False
500184,100184,75000.0,639.0,0.55,False
500185,100185,300000.0,653.0,0.11,False
500186,100186,300000.0,374.0,0.16,False
500187,100187,50000.0,877.0,0.81,True
500188,100188,50000.0,618.0,0.79,False
500189,100189,200000.0,386.0,0.09,False
500190,100190,200000.0,852.0,0.05,False
500191,100191,150000.0,341.0,0.14,False
500192,100192,100000.0,392.0,0.93,True
500193,100193,50000.0,806.0,0.72,False
500194,100194,200000.0,828.0,0.09,False
500195,100195,50000.0,564.0,0.61,False
500196,100196,200000.0,591.0,0.87,True
500197,100197,75000.0,763.0,1.05,True
500198,100198,50000.0,859.0,1.12,True
500199,100199,75000.0,396.0,0.43,False
500200,100200,50000.0,394.0,0.21,False
500201,100201,100000.0,625.0,0.32,False
500202,100202,150000.0,606.0,0.94,True
500203,100203,300000.0,635.0,1.17,True
500204,100204,300000.0,367.0,0.59,False
500205,100205,300000.0,376.0,0.4,False
500206,100206,75000.0,507.0,0.54,False
500207,100207,200000.0,606.0,0.4,False
500208,100208,300000.0,561.0,0.34,False
500209,100209,100000.0,709.0,0.73,False
500210,100210,300000.0,630.0,0.07,False
500211,100211,50000.0,643.0,0.35,False
500212,100212,75000.0,373.0,0.81,True
500213,100213,50000.0,553.0,0.09,False
500214,100214,50000.0,631.0,0.15,False
500215,100215,50000.0,697.0,0.39,False
500216,100216,150000.0,644.0,1.06,True
500217,100217,150000.0,883.0,0.93,True
500218,100218,200000.0,754.0,0.08,False
500219,100219,75000.0,414.0,0.63,False
500220,100220,100000.0,612.0,0.37,False
500221,100221,100000.0,527.0,0.8,False
500222,100222,100000.0,544.0,0.88,True
500223,100223,50000.0,825.0,1.04,True
500224,100224,150000.0,827.0,0.6,False
500225,100225,75000.0,726.0,1.19,True
500226,100226,50000.0,341.0,1.18,True
500227,100227,150000.0,764.0,1.06,True
500228,100228,150000.0,577.0,0.71,False
500229,100229,300000.0,318.0,0.51,False
500230,100230,300000.0,365.0,0.47,False
500231,100231,75000.0,466.0,0.06,False
500232,100232,75000.0,884.0,0.34,False
500233,100233,75000.0,702.0,0.88,True
500234,100234,50000.0,708.0,0.74,False
500235,100235,200000.0,411.0,1.1,True
500236,100236,75000.0,606.0,0.11,False
500237,100237,300000.0,706.0,0.23,False
500238,100238,200000.0,672.0,0.96,True
500239,100239,50000.0,896.0,0.46,False
500240,100240,200000.0,338.0,0.19,False
500241,100241,100000.0,404.0,1.2,True
500242,100242,200000.0,623.0,0.96,True
500243,100243,75000.0,713.0,0.52,False
500244,100244,50000.0,728.0,1.0,True
500245,100245,75000.0,360.0,0.83,True
500246,100246,300000.0,606.0,0.96,True
500247,100247,100000.0,653.0,0.99,True
500248,100248,300000.0,692.0,0.15,False
500249,100249,75000.0,503.0,0.77,False
500250,100250,75000.0,557.0,0.06,False
500251,100251,75000.0,606.0,0.1,False
500252,100252,150000.0,816.0,1.09,True
500253,100253,100000.0,745.0,0.66,False
500254,100254,75000.0,606.0,0.9,True
500255,100255,75000.0,641.0,1.01,True
500256,100256,300000.0,432.0,1.14,True
500257,100257,300000.0,742.0,1.05,True
500258,100258,75000.0,552.0,0.61,False
500259,100259,50000.0,564.0,0.44,False
500260,100260,150000.0,392.0,0.23,False
500261,100261,300000.0,710.0,0.51,False
500262,100262,50000.0,437.0,0.47,False
500263,100263,150000.0,507.0,0.69,False
500264,100264,75000.0,872.0,0.82,True
500265,100265,100000.0,606.0,1.18,True
500266,100266,200000.0,565.0,0.89,True
500267,100267,200000.0,617.0,0.79,False
500268,100268,75000.0,412.0,0.44,False
500269,100269,300000.0,677.0,0.09,False
500270,100270,50000.0,753.0,0.38,False
500271,100271,100000.0,490.0,0.93,True
500272,100272,150000.0,739.0,0.29,False
500273,100273,75000.0,486.0,0.87,True
500274,100274,100000.0,666.0,0.72,False
500275,100275,100000.0,606.0,0.25,False
500276,100276,300000.0,486.0,0.35,False
500277,100277,150000.0,431.0,0.62,False
500278,100278,100000.0,859.0,0.53,False
500279,100279,300000.0,675.0,0.95,True
500280,100280,50000.0,398.0,0.89,True
500281,100281,300000.0,333.0,0.71,False
500282,100282,50000.0,881.0,1.0,True
500283,100283,50000.0,606.0,0.7,False
500284,100284,100000.0,665.0,1.16,True
500285,100285,300000.0,358.0,0.3,False
500286,100286,50000.0,480.0,0.87,True
500287,100287,150000.0,318.0,0.48,False
500288,100288,100000.0,525.0,0.37,False
500289,100289,300000.0,772.0,0.26,False
500290,100290,300000.0,606.0,0.69,False
500291,100291,200000.0,596.0,0.3,False
500292,100292,300000.0,892.0,0.28,False
500293,100293,100000.0,474.0,1.19,True
500294,100294,150000.0,521.0,0.97,True
500295,100295,300000.0,353.0,0.91,True
500296,100296,200000.0,702.0,0.96,True
500297,100297,100000.0,617.0,1.16,True
500298,100298,50000.0,648.0,0.71,False
500299,100299,75000.0,742.0,0.3,False
500300,100300,75000.0,879.0,1.04,True
500301,100301,50000.0,839.0,0.9,True
500302,100302,300000.0,581.0,0.53,False
500303,100303,75000.0,659.0,0.59,False
500304,100304,75000.0,307.0,0.52,False
500305,100305,50000.0,862.0,1.12,True
500306,100306,300000.0,790.0,0.45,False
500307,100307,300000.0,640.0,1.16,True
500308,100308,50000.0,606.0,1.1,True
500309,100309,300000.0,548.0,0.78,False
500310,100310,300000.0,534.0,0.72,False
500311,100311,100000.0,382.0,0.48,False
500312,100312,100000.0,392.0,0.07,False
500313,100313,50000.0,693.0,0.2,False
500314,100314,150000.0,606.0,0.92,True
500315,100315,75000.0,716.0,0.59,False
500316,100316,100000.0,882.0,0.22,False
500317,100317,75000.0,606.0,0.35,False
500318,100318,200000.0,552.0,1.14,True
500319,100319,50000.0,421.0,0.47,False
500320,100320,150000.0,309.0,1.09,True
500321,100321,200000.0,606.0,0.4,False
500322,100322,200000.0,572.0,0.67,False
500323,100323,300000.0,605.0,0.07,False
500324,100324,200000.0,509.0,0.65,False
500325,100325,50000.0,763.0,0.78,False
500326,100326,100000.0,715.0,0.32,False
500327,100327,50000.0,515.0,0.72,False
500328,100328,100000.0,379.0,0.79,False
500329,100329,200000.0,779.0,0.84,True
500330,100330,200000.0,846.0,0.94,True
500331,100331,150000.0,317.0,0.41,False
500332,100332,100000.0,464.0,0.7,False
500333,100333,200000.0,824.0,1.18,True
500334,100334,300000.0,501.0,1.08,True
500335,100335,75000.0,645.0,1.15,True
500336,100336,150000.0,665.0,0.49,False
500337,100337,50000.0,606.0,0.95,True
500338,100338,150000.0,812.0,0.76,False
500339,100339,75000.0,618.0,0.15,False
500340,100340,100000.0,516.0,1.0,True
500341,100341,50000.0,333.0,0.83,True
500342,100342,50000.0,565.0,0.28,False
500343,100343,100000.0,379.0,0.14,False
500344,100344,150000.0,712.0,1.01,True
500345,100345,200000.0,606.0,0.14,False
500346,100346,150000.0,311.0,0.16,False
500347,100347,75000.0,700.0,0.54,False
500348,100348,300000.0,581.0,0.21,False
500349,100349,200000.0,411.0,1.1,True
500350,100350,150000.0,677.0,0.59,False
500351,100351,300000.0,567.0,0.7,False
500352,100352,300000.0,597.0,1.12,True
500353,100353,100000.0,616.0,0.66,False
500354,100354,75000.0,869.0,0.46,False
500355,100355,75000.0,606.0,0.97,True
500356,100356,75000.0,845.0,0.56,False
500357,100357,200000.0,664.0,0.42,False
500358,100358,50000.0,846.0,0.88,True
500359,100359,200000.0,570.0,0.97,True
500360,100360,150000.0,773.0,0.96,True
500361,100361,300000.0,836.0,1.17,True
500362,100362,300000.0,533.0,0.95,True
500363,100363,50000.0,358.0,0.94,True
500364,100364,150000.0,550.0,1.04,True
500365,100365,50000.0,385.0,0.05,False
500366,100366,300000.0,689.0,0.47,False
500367,100367,200000.0,479.0,0.9,True
500368,100368,75000.0,448.0,0.74,False
500369,100369,300000.0,882.0,0.25,False
500370,100370,100000.0,420.0,0.4,False
500371,100371,75000.0,555.0,0.44,False
500372,100372,300000.0,606.0,0.7,False
500373,100373,200000.0,358.0,1.01,True
500374,100374,50000.0,368.0,1.12,True
500375,100375,75000.0,745.0,0.91,True
500376,100376,200000.0,687.0,1.02,True
500377,100377,150000.0,385.0,0.59,False
500378,100378,100000.0,526.0,0.5,False
500379,100379,75000.0,892.0,0.5,False
500380,100380,50000.0,483.0,0.76,False
500381,100381,150000.0,621.0,0.19,False
500382,100382,200000.0,617.0,0.72,False
500383,100383,100000.0,865.0,0.81,True
500384,100384,50000.0,698.0,0.55,False
500385,100385,200000.0,592.0,1.15,True
500386,100386,200000.0,592.0,0.75,False
500387,100387,75000.0,784.0,0.3,False
500388,100388,75000.0,746.0,0.6,False
500389,100389,50000.0,606.0,0.83,True
500390,100390,300000.0,807.0,0.42,False
500391,100391,300000.0,606.0,0.14,False
500392,100392,200000.0,719.0,0.72,False
500393,100393,75000.0,453.0,1.14,True
500394,100394,100000.0,723.0,0.61,False
500395,100395,100000.0,572.0,1.09,True
500396,100396,200000.0,606.0,1.01,True
500397,100397,75000.0,427.0,0.22,False
500398,100398,50000.0,672.0,0.86,True
500399,100399,50000.0,867.0,0.55,False
500400,100400,50000.0,458.0,0.34,False
500401,100401,100000.0,870.0,0.84,True
500402,100402,75000.0,869.0,0.9,True
500403,100403,75000.0,475.0,0.26,False
500404,100404,100000.0,510.0,1.1,True
500405,100405,50000.0,746.0,0.91,True
500406,100406,50000.0,885.0,1.12,True
500407,100407,200000.0,466.0,0.41,False
500408,100408,300000.0,759.0,1.13,True
500409,100409,150000.0,656.0,0.47,False
500410,100410,300000.0,603.0,0.11,False
500411,100411,75000.0,532.0,0.93,True
500412,100412,75000.0,606.0,0.86,True
500413,100413,75000.0,481.0,0.74,False
500414,100414,300000.0,633.0,0.61,False
500415,100415,150000.0,328.0,0.09,False
500416,100416,200000.0,392.0,0.77,False
500417,100417,300000.0,629.0,0.53,False
500418,100418,150000.0,483.0,0.69,False
500419,100419,50000.0,394.0,0.54,False
500420,100420,50000.0,652.0,1.16,True
500421,100421,75000.0,564.0,0.74,False
500422,100422,100000.0,318.0,0.91,True
500423,100423,75000.0,798.0,1.13,True
500424,100424,100000.0,438.0,0.73,False
500425,100425,150000.0,872.0,0.06,False
500426,100426,50000.0,824.0,0.09,False
500427,100427,300000.0,554.0,0.86,True
500428,100428,100000.0,384.0,0.37,False
500429,100429,150000.0,757.0,0.72,False
500430,100430,50000.0,831.0,0.28,False
500431,100431,300000.0,861.0,0.36,False
500432,100432,100000.0,391.0,0.63,False
500433,100433,75000.0,899.0,1.17,True
500434,100434,75000.0,368.0,0.76,False
500435,100435,75000.0,336.0,1.13,True
500436,100436,150000.0,439.0,1.15,True
500437,100437,75000.0,865.0,0.29,False
500438,100438,200000.0,477.0,0.41,False
500439,100439,50000.0,436.0,0.94,True
500440,100440,150000.0,489.0,1.05,True
500441,100441,300000.0,606.0,0.65,False
500442,100442,75000.0,858.0,1.19,True
500443,100443,50000.0,304.0,0.06,False
500444,100444,100000.0,556.0,0.39,False
500445,100445,75000.0,542.0,0.77,False
500446,100446,50000.0,714.0,0.59,False
500447,100447,200000.0,642.0,0.18,False
500448,100448,100000.0,678.0,0.47,False
500449,100449,200000.0,893.0,0.08,False
500450,100450,300000.0,445.0,0.79,False
500451,100451,50000.0,622.0,1.08,True
500452,100452,200000.0,421.0,1.07,True
500453,100453,300000.0,551.0,0.85,True
500454,100454,50000.0,610.0,0.59,False
500455,100455,50000.0,774.0,0.64,False
500456,100456,200000.0,869.0,0.21,False
500457,100457,50000.0,791.0,0.44,False
500458,100458,75000.0,606.0,0.27,False
500459,100459,50000.0,646.0,0.99,True
500460,100460,150000.0,786.0,1.1,True
500461,100461,300000.0,772.0,0.67,False
500462,100462,50000.0,681.0,0.89,True
500463,100463,150000.0,579.0,0.19,False
500464,100464,50000.0,371.0,0.75,False
500465,100465,50000.0,820.0,0.86,True
500466,100466,200000.0,665.0,0.57,False
500467,100467,75000.0,393.0,0.33,False
500468,100468,300000.0,606.0,1.06,True
500469,100469,75000.0,638.0,0.9,True
500470,100470,100000.0,736.0,1.08,True
500471,100471,200000.0,635.0,0.99,True
500472,100472,200000.0,791.0,1.19,True
500473,100473,75000.0,339.0,0.27,False
500474,100474,200000.0,658.0,0.15,False
500475,100475,75000.0,873.0,0.44,False
500476,100476,200000.0,553.0,0.2,False
500477,100477,50000.0,880.0,0.65,False
500478,100478,75000.0,697.0,0.78,False
500479,100479,75000.0,469.0,0.72,False
500480,100480,150000.0,810.0,0.35,False
500481,100481,200000.0,559.0,1.1,True
500482,100482,200000.0,883.0,0.07,False
500483,100483,75000.0,758.0,0.45,False
500484,100484,50000.0,828.0,0.88,True
500485,100485,50000.0,640.0,0.93,True
500486,100486,300000.0,356.0,0.53,False
500487,100487,50000.0,517.0,0.07,False
500488,100488,200000.0,763.0,0.76,False
500489,100489,150000.0,546.0,0.12,False
500490,100490,75000.0,672.0,0.17,False
500491,100491,100000.0,716.0,0.8,False
500492,100492,150000.0,330.0,0.41,False
500493,100493,100000.0,667.0,0.45,False
500494,100494,150000.0,858.0,0.61,False
500495,100495,50000.0,407.0,1.18,True
500496,100496,200000.0,606.0,1.16,True
500497,100497,100000.0,717.0,0.53,False
500498,100498,150000.0,697.0,0.36,False
500499,100499,200000.0,571.0,0.4,False
500500,100500,100000.0,415.0,0.36,False
500501,100501,75000.0,885.0,0.66,False
500502,100502,150000.0,555.0,0.75,False
500503,100503,75000.0,380.0,0.61,False
500504,100504,50000.0,427.0,0.52,False
500505,100505,75000.0,534.0,0.29,False
500506,100506,75000.0,852.0,0.6,False
500507,100507,300000.0,480.0,0.44,False
500508,100508,150000.0,456.0,0.67,False
500509,100509,50000.0,753.0,0.83,True
500510,100510,75000.0,870.0,0.78,False
500511,100511,200000.0,323.0,0.58,False
500512,100512,100000.0,772.0,0.69,False
500513,100513,75000.0,699.0,0.38,False
500514,100514,50000.0,891.0,0.08,False
500515,100515,75000.0,433.0,0.77,False
500516,100516,100000.0,720.0,0.34,False
500517,100517,50000.0,512.0,0.82,True
500518,100518,150000.0,781.0,0.91,True
500519,100519,50000.0,647.0,1.1,True
500520,100520,150000.0,465.0,1.15,True
500521,100521,50000.0,647.0,0.06,False
500522,100522,100000.0,697.0,1.19,True
500523,100523,100000.0,606.0,0.84,True
500524,100524,50000.0,734.0,0.79,False
500525,100525,75000.0,876.0,0.07,False
500526,100526,100000.0,520.0,1.04,True
500527,100527,150000.0,607.0,0.22,False
500528,100528,150000.0,765.0,1.01,True
500529,100529,200000.0,398.0,0.07,False
500530,100530,300000.0,541.0,0.79,False
500531,100531,300000.0,457.0,0.55,False
500532,100532,300000.0,853.0,0.28,False
500533,100533,150000.0,526.0,0.17,False
500534,100534,200000.0,722.0,0.56,False
500535,100535,300000.0,371.0,0.19,False
500536,100536,300000.0,542.0,0.61,False
500537,100537,50000.0,829.0,0.77,False
500538,100538,50000.0,888.0,1.0,True
500539,100539,50000.0,344.0,0.83,True
500540,100540,75000.0,606.0,0.12,False
500541,100541,300000.0,670.0,0.4,False
500542,100542,75000.0,606.0,0.38,False
500543,100543,200000.0,321.0,1.1,True
500544,100544,150000.0,471.0,1.05,True
500545,100545,300000.0,606.0,0.48,False
500546,100546,150000.0,376.0,0.13,False
500547,100547,50000.0,580.0,1.08,True
500548,100548,300000.0,663.0,1.07,True
500549,100549,100000.0,478.0,1.03,True
500550,100550,75000.0,537.0,1.02,True
500551,100551,75000.0,434.0,0.6,False
500552,100552,300000.0,579.0,0.25,False
500553,100553,50000.0,318.0,0.6,False
500554,100554,75000.0,894.0,0.62,False
500555,100555,50000.0,670.0,0.61,False
500556,100556,200000.0,411.0,0.67,False
500557,100557,150000.0,520.0,0.35,False
500558,100558,100000.0,603.0,0.47,False
500559,100559,150000.0,624.0,0.55,False
500560,100560,150000.0,736.0,0.2,False
500561,100561,200000.0,737.0,0.57,False
500562,100562,75000.0,469.0,0.98,True
500563,100563,100000.0,674.0,1.0,True
500564,100564,75000.0,856.0,0.52,False
500565,100565,300000.0,680.0,0.65,False
500566,100566,150000.0,313.0,0.09,False
500567,100567,300000.0,799.0,0.83,True
500568,100568,50000.0,690.0,0.52,False
500569,100569,150000.0,848.0,0.56,False
500570,100570,75000.0,864.0,1.05,True
500571,100571,150000.0,829.0,0.58,False
500572,100572,50000.0,791.0,0.07,False
500573,100573,200000.0,849.0,0.31,False
500574,100574,300000.0,684.0,0.6,False
500575,100575,300000.0,495.0,0.54,False
500576,100576,75000.0,599.0,1.04,True
500577,100577,150000.0,846.0,0.67,False
500578,100578,75000.0,607.0,0.84,True
500579,100579,200000.0,551.0,0.59,False
500580,100580,150000.0,606.0,0.56,False
500581,100581,150000.0,507.0,0.56,False
500582,100582,75000.0,430.0,0.52,False
500583,100583,75000.0,325.0,0.67,False
500584,100584,50000.0,753.0,0.34,False
500585,100585,200000.0,485.0,1.07,True
500586,100586,50000.0,783.0,0.43,False
500587,100587,300000.0,350.0,0.22,False
500588,100588,150000.0,304.0,0.16,False
500589,100589,75000.0,888.0,0.07,False
500590,100590,150000.0,459.0,0.54,False
500591,100591,150000.0,507.0,0.27,False
500592,100592,100000.0,556.0,0.07,False
500593,100593,300000.0,606.0,0.65,False
500594,100594,100000.0,310.0,0.83,True
500595,100595,150000.0,307.0,0.15,False
500596,100596,75000.0,708.0,0.58,False
500597,100597,150000.0,331.0,0.91,True
500598,100598,300000.0,839.0,1.18,True
500599,100599,100000.0,686.0,0.82,True
500600,100600,75000.0,527.0,0.33,False
500601,100601,150000.0,774.0,0.87,True
500602,100602,200000.0,606.0,0.74,False
500603,100603,300000.0,617.0,0.29,False
500604,100604,300000.0,856.0,1.03,True
500605,100605,200000.0,647.0,0.54,False
500606,100606,150000.0,533.0,1.16,True
500607,100607,300000.0,343.0,0.88,True
500608,100608,75000.0,441.0,0.79,False
500609,100609,150000.0,475.0,0.89,True
500610,100610,150000.0,748.0,0.6,False
500611,100611,100000.0,891.0,0.63,False
500612,100612,300000.0,381.0,1.03,True
500613,100613,300000.0,434.0,0.83,True
500614,100614,200000.0,476.0,1.08,True
500615,100615,100000.0,682.0,1.07,True
500616,100616,100000.0,542.0,1.17,True
500617,100617,300000.0,866.0,0.86,True
500618,100618,150000.0,440.0,0.63,False
500619,100619,100000.0,756.0,0.24,False
500620,100620,200000.0,739.0,0.86,True
500621,100621,100000.0,355.0,0.39,False
500622,100622,200000.0,826.0,0.38,False
500623,100623,100000.0,718.0,0.32,False
500624,100624,200000.0,387.0,1.06,True
500625,100625,100000.0,307.0,1.05,True
500626,100626,100000.0,776.0,0.78,False
500627,100627,75000.0,606.0,0.59,False
500628,100628,200000.0,851.0,0.82,True
500629,100629,200000.0,796.0,0.75,False
500630,100630,200000.0,802.0,0.53,False
500631,100631,50000.0,544.0,0.49,False
500632,100632,100000.0,777.0,0.49,False
500633,100633,200000.0,608.0,0.73,False
500634,100634,300000.0,530.0,0.79,False
500635,100635,50000.0,682.0,0.57,False
500636,100636,75000.0,454.0,1.16,True
500637,100637,200000.0,474.0,0.15,False
500638,100638,200000.0,414.0,0.45,False
500639,100639,50000.0,689.0,0.53,False
500640,100640,100000.0,610.0,0.07,False
500641,100641,300000.0,599.0,0.47,False
500642,100642,75000.0,317.0,0.36,False
500643,100643,200000.0,311.0,0.63,False
500644,100644,100000.0,606.0,0.44,False
500645,100645,300000.0,531.0,0.89,True
500646,100646,300000.0,577.0,0.64,False
500647,100647,75000.0,606.0,0.2,False
500648,100648,150000.0,602.0,0.91,True
500649,100649,300000.0,840.0,0.16,False
500650,100650,150000.0,769.0,1.01,True
500651,100651,300000.0,376.0,1.12,True
500652,100652,75000.0,820.0,0.42,False
500653,100653,50000.0,323.0,1.12,True
500654,100654,75000.0,314.0,0.96,True
500655,100655,75000.0,824.0,1.11,True
500656,100656,50000.0,646.0,0.82,True
500657,100657,50000.0,471.0,0.32,False
500658,100658,100000.0,626.0,1.08,True
500659,100659,300000.0,784.0,0.26,False
500660,100660,100000.0,788.0,0.3,False
500661,100661,50000.0,761.0,0.36,False
500662,100662,150000.0,677.0,0.4,False
500663,100663,150000.0,887.0,0.64,False
500664,100664,75000.0,463.0,0.87,True
500665,100665,200000.0,671.0,1.12,True
500666,100666,75000.0,606.0,0.15,False
500667,100667,75000.0,723.0,1.15,True
500668,100668,200000.0,776.0,1.11,True
500669,100669,300000.0,681.0,0.11,False
500670,100670,50000.0,454.0,0.46,False
500671,100671,150000.0,556.0,0.99,True
500672,100672,75000.0,367.0,0.75,False
500673,100673,200000.0,643.0,0.95,True
500674,100674,100000.0,576.0,0.88,True
500675,100675,75000.0,690.0,0.62,False
500676,100676,150000.0,748.0,0.1,False
500677,100677,50000.0,558.0,0.72,False
500678,100678,75000.0,606.0,0.11,False
500679,100679,75000.0,394.0,0.74,False
500680,100680,300000.0,763.0,0.97,True
500681,100681,200000.0,545.0,0.72,False
500682,100682,100000.0,486.0,1.2,True
500683,100683,100000.0,672.0,0.57,False
500684,100684,50000.0,871.0,0.91,True
500685,100685,150000.0,705.0,0.82,True
500686,100686,50000.0,606.0,1.19,True
500687,100687,75000.0,424.0,0.87,True
500688,100688,75000.0,636.0,0.24,False
500689,100689,100000.0,640.0,1.15,True
500690,100690,150000.0,862.0,0.82,True
500691,100691,200000.0,477.0,0.12,False
500692,100692,150000.0,469.0,0.81,True
500693,100693,75000.0,338.0,1.07,True
500694,100694,200000.0,368.0,0.71,False
500695,100695,150000.0,535.0,0.46,False
500696,100696,150000.0,859.0,0.99,True
500697,100697,200000.0,680.0,0.95,True
500698,100698,75000.0,356.0,0.68,False
500699,100699,150000.0,576.0,0.23,False
500700,100700,200000.0,398.0,0.34,False
500701,100701,300000.0,826.0,0.9,True
500702,100702,300000.0,606.0,0.98,True
500703,100703,75000.0,760.0,0.37,False
500704,100704,200000.0,478.0,0.47,False
500705,100705,300000.0,873.0,0.14,False
500706,100706,200000.0,418.0,0.87,True
500707,100707,150000.0,768.0,0.05,False
500708,100708,75000.0,848.0,0.1,False
500709,100709,300000.0,754.0,0.05,False
500710,100710,150000.0,325.0,0.79,False
500711,100711,50000.0,789.0,0.53,False
500712,100712,50000.0,307.0,0.39,False
500713,100713,75000.0,815.0,1.1,True
500714,100714,300000.0,832.0,0.27,False
500715,100715,300000.0,448.0,0.5,False
500716,100716,300000.0,606.0,1.13,True
500717,100717,200000.0,324.0,0.54,False
500718,100718,150000.0,854.0,0.69,False
500719,100719,300000.0,724.0,0.14,False
500720,100720,150000.0,592.0,0.96,True
500721,100721,75000.0,484.0,0.54,False
500722,100722,300000.0,853.0,0.97,True
500723,100723,75000.0,730.0,0.34,False
500724,100724,300000.0,606.0,0.54,False
500725,100725,50000.0,697.0,0.95,True
500726,100726,100000.0,623.0,1.17,True
500727,100727,75000.0,864.0,0.12,False
500728,100728,300000.0,895.0,0.98,True
500729,100729,100000.0,845.0,0.4,False
500730,100730,75000.0,375.0,0.68,False
500731,100731,200000.0,785.0,0.38,False
500732,100732,300000.0,387.0,0.76,False
500733,100733,200000.0,531.0,0.46,False
500734,100734,50000.0,306.0,0.43,False
500735,100735,300000.0,849.0,0.09,False
500736,100736,50000.0,351.0,0.22,False
500737,100737,100000.0,695.0,1.1,True
500738,100738,75000.0,520.0,1.2,True
500739,100739,150000.0,727.0,0.95,True
500740,100740,50000.0,442.0,0.38,False
500741,100741,150000.0,662.0,0.51,False
500742,100742,150000.0,681.0,0.9,True
500743,100743,75000.0,860.0,1.16,True
500744,100744,100000.0,576.0,0.57,False
500745,100745,75000.0,570.0,1.0,True
500746,100746,300000.0,313.0,1.17,True
500747,100747,50000.0,606.0,1.05,True
500748,100748,150000.0,763.0,0.31,False
500749,100749,75000.0,826.0,0.06,False
500750,100750,75000.0,533.0,0.62,False
500751,100751,75000.0,874.0,0.66,False
500752,100752,50000.0,326.0,0.28,False
500753,100753,100000.0,770.0,0.38,False
500754,100754,75000.0,392.0,0.93,True
500755,100755,50000.0,606.0,0.59,False
500756,100756,150000.0,351.0,0.41,False
500757,100757,300000.0,618.0,0.77,False
500758,100758,200000.0,480.0,0.8,False
500759,100759,50000.0,868.0,0.93,True
500760,100760,200000.0,419.0,0.23,False
500761,100761,75000.0,342.0,0.9,True
500762,100762,75000.0,606.0,0.74,False
500763,100763,50000.0,496.0,0.12,False
500764,100764,200000.0,554.0,0.94,True
500765,100765,75000.0,635.0,0.49,False
500766,100766,150000.0,852.0,0.43,False
500767,100767,100000.0,801.0,0.57,False
500768,100768,100000.0,606.0,0.45,False
500769,100769,75000.0,813.0,0.44,False
500770,100770,200000.0,541.0,0.98,True
500771,100771,300000.0,448.0,0.19,False
500772,100772,75000.0,606.0,1.17,True
500773,100773,300000.0,752.0,0.69,False
500774,100774,300000.0,692.0,0.26,False
500775,100775,200000.0,511.0,0.2,False
500776,100776,300000.0,837.0,0.73,False
500777,100777,150000.0,893.0,0.78,False
500778,100778,200000.0,894.0,0.11,False
500779,100779,75000.0,430.0,0.33,False
500780,100780,150000.0,628.0,0.96,True
500781,100781,50000.0,555.0,0.11,False
500782,100782,100000.0,778.0,1.03,True
500783,100783,75000.0,860.0,0.81,True
500784,100784,75000.0,362.0,0.55,False
500785,100785,75000.0,610.0,0.45,False
500786,100786,150000.0,706.0,0.07,False
500787,100787,50000.0,404.0,1.0,True
500788,100788,200000.0,314.0,0.21,False
500789,100789,50000.0,558.0,0.41,False
500790,100790,150000.0,606.0,0.7,False
500791,100791,75000.0,606.0,0.33,False
500792,100792,100000.0,559.0,0.62,False
500793,100793,75000.0,344.0,0.98,True
500794,100794,200000.0,630.0,0.59,False
500795,100795,300000.0,464.0,1.14,True
500796,100796,100000.0,492.0,1.02,True
500797,100797,75000.0,820.0,0.43,False
500798,100798,100000.0,700.0,0.51,False
500799,100799,300000.0,673.0,0.54,False
500800,100800,50000.0,364.0,0.77,False
500801,100801,150000.0,686.0,0.38,False
500802,100802,75000.0,794.0,1.16,True
500803,100803,200000.0,714.0,0.75,False
500804,100804,50000.0,606.0,0.51,False
500805,100805,75000.0,565.0,0.79,False
500806,100806,50000.0,627.0,0.5,False
500807,100807,200000.0,791.0,0.99,True
500808,100808,75000.0,516.0,0.7,False
500809,100809,300000.0,619.0,0.1,False
500810,100810,300000.0,698.0,0.25,False
500811,100811,200000.0,404.0,1.04,True
500812,100812,100000.0,629.0,0.7,False
500813,100813,200000.0,606.0,1.14,True
500814,100814,100000.0,898.0,0.13,False
500815,100815,75000.0,613.0,0.39,False
500816,100816,100000.0,606.0,0.27,False
500817,100817,75000.0,761.0,0.69,False
500818,100818,75000.0,883.0,0.49,False
500819,100819,150000.0,785.0,0.23,False
500820,100820,75000.0,606.0,0.79,False
500821,100821,100000.0,606.0,0.67,False
500822,100822,150000.0,328.0,0.37,False
500823,100823,150000.0,570.0,0.6,False
500824,100824,75000.0,800.0,0.91,True
500825,100825,200000.0,552.0,0.29,False
500826,100826,200000.0,684.0,0.39,False
500827,100827,300000.0,359.0,0.45,False
500828,100828,150000.0,406.0,0.91,True
500829,100829,75000.0,519.0,1.02,True
500830,100830,200000.0,740.0,0.48,False
500831,100831,75000.0,863.0,0.39,False
500832,100832,75000.0,871.0,1.07,True
500833,100833,150000.0,845.0,1.2,True
500834,100834,300000.0,395.0,0.82,True
500835,100835,150000.0,388.0,1.19,True
500836,100836,50000.0,530.0,0.81,True
500837,100837,200000.0,574.0,0.89,True
500838,100838,200000.0,545.0,0.5,False
500839,100839,200000.0,410.0,0.55,False
500840,100840,100000.0,533.0,0.22,False
500841,100841,75000.0,577.0,1.0,True
500842,100842,150000.0,776.0,1.12,True
500843,100843,200000.0,716.0,0.77,False
500844,100844,50000.0,427.0,0.45,False
500845,100845,200000.0,536.0,0.23,False
500846,100846,300000.0,427.0,0.35,False
500847,100847,75000.0,693.0,0.34,False
500848,100848,75000.0,774.0,0.76,False
500849,100849,150000.0,606.0,1.14,True
500850,100850,100000.0,410.0,0.11,False
500851,100851,150000.0,389.0,0.05,False
500852,100852,200000.0,606.0,0.74,False
500853,100853,300000.0,632.0,0.38,False
500854,100854,50000.0,523.0,1.06,True
500855,100855,150000.0,400.0,0.43,False
500856,100856,100000.0,431.0,0.38,False
500857,100857,150000.0,312.0,0.36,False
500858,100858,75000.0,756.0,0.22,False
500859,100859,200000.0,740.0,0.72,False
500860,100860,200000.0,397.0,0.24,False
500861,100861,200000.0,419.0,0.54,False
500862,100862,200000.0,606.0,0.58,False
500863,100863,200000.0,300.0,0.07,False
500864,100864,200000.0,871.0,0.07,False
500865,100865,50000.0,549.0,0.65,False
500866,100866,100000.0,606.0,0.85,True
500867,100867,200000.0,694.0,1.13,True
500868,100868,100000.0,343.0,0.26,False
500869,100869,300000.0,343.0,0.17,False
500870,100870,200000.0,377.0,0.11,False
500871,100871,150000.0,525.0,0.55,False
500872,100872,200000.0,461.0,0.77,False
500873,100873,75000.0,552.0,1.02,True
500874,100874,50000.0,431.0,0.84,True
500875,100875,150000.0,747.0,0.29,False
500876,100876,150000.0,773.0,0.58,False
500877,100877,75000.0,408.0,1.1,True
500878,100878,200000.0,334.0,0.43,False
500879,100879,50000.0,766.0,0.62,False
500880,100880,150000.0,574.0,1.15,True
500881,100881,50000.0,486.0,0.89,True
500882,100882,150000.0,542.0,0.91,True
500883,100883,200000.0,563.0,0.34,False
500884,100884,300000.0,821.0,0.53,False
500885,100885,150000.0,840.0,0.14,False
500886,100886,300000.0,386.0,0.75,False
500887,100887,150000.0,834.0,0.17,False
500888,100888,100000.0,509.0,1.01,True
500889,100889,200000.0,345.0,0.99,True
500890,100890,75000.0,766.0,0.66,False
500891,100891,300000.0,839.0,0.21,False
500892,100892,75000.0,325.0,0.08,False
500893,100893,200000.0,565.0,0.97,True
500894,100894,75000.0,474.0,0.74,False
500895,100895,200000.0,815.0,0.87,True
500896,100896,75000.0,610.0,0.4,False
500897,100897,300000.0,621.0,0.64,False
500898,100898,100000.0,878.0,0.91,True
500899,100899,75000.0,434.0,0.58,False
500900,100900,300000.0,354.0,0.74,False
500901,100901,150000.0,606.0,0.96,True
500902,100902,200000.0,885.0,0.3,False
500903,100903,50000.0,830.0,0.13,False
500904,100904,50000.0,455.0,0.66,False
500905,100905,200000.0,606.0,0.12,False
500906,100906,100000.0,784.0,0.93,True
500907,100907,75000.0,898.0,0.88,True
500908,100908,100000.0,319.0,1.06,True
500909,100909,50000.0,568.0,0.79,False
500910,100910,300000.0,632.0,0.13,False
500911,100911,200000.0,854.0,0.34,False
500912,100912,200000.0,700.0,0.98,True
500913,100913,100000.0,605.0,0.24,False
500914,100914,300000.0,327.0,0.85,True
500915,100915,100000.0,606.0,0.95,True
500916,100916,75000.0,559.0,0.43,False
500917,100917,150000.0,833.0,0.42,False
500918,100918,300000.0,400.0,0.69,False
500919,100919,150000.0,850.0,1.04,True
500920,100920,75000.0,652.0,0.31,False
500921,100921,150000.0,599.0,1.13,True
500922,100922,50000.0,595.0,0.74,False
500923,100923,150000.0,652.0,1.19,True
500924,100924,75000.0,429.0,0.15,False
500925,100925,150000.0,455.0,0.2,False
500926,100926,200000.0,373.0,1.0,True
500927,100927,100000.0,641.0,1.04,True
500928,100928,50000.0,764.0,0.56,False
500929,100929,200000.0,389.0,0.87,True
500930,100930,200000.0,878.0,1.05,True
500931,100931,75000.0,754.0,0.1,False
500932,100932,100000.0,631.0,0.71,False
500933,100933,100000.0,647.0,1.03,True
500934,100934,300000.0,532.0,0.51,False
500935,100935,50000.0,897.0,0.4,False
500936,100936,75000.0,401.0,0.97,True
500937,100937,50000.0,780.0,0.44,False
500938,100938,300000.0,513.0,0.05,False
500939,100939,150000.0,407.0,1.15,True
500940,100940,200000.0,464.0,0.73,False
500941,100941,50000.0,634.0,0.99,True
500942,100942,200000.0,385.0,1.0,True
500943,100943,75000.0,723.0,0.13,False
500944,100944,150000.0,663.0,0.25,False
500945,100945,75000.0,359.0,0.41,False
500946,100946,150000.0,781.0,0.42,False
500947,100947,150000.0,549.0,0.81,True
500948,100948,200000.0,859.0,0.77,False
500949,100949,75000.0,416.0,0.62,False
500950,100950,75000.0,844.0,0.29,False
500951,100951,50000.0,343.0,0.49,False
500952,100952,75000.0,808.0,0.68,False
500953,100953,50000.0,464.0,0.59,False
500954,100954,100000.0,667.0,0.2,False
500955,100955,100000.0,591.0,0.8,False
500956,100956,100000.0,585.0,0.13,False
500957,100957,300000.0,503.0,0.48,False
500958,100958,75000.0,823.0,0.87,True
500959,100959,300000.0,420.0,0.07,False
500960,100960,75000.0,487.0,0.71,False
500961,100961,50000.0,312.0,0.43,False
500962,100962,300000.0,499.0,0.06,False
500963,100963,300000.0,885.0,0.27,False
500964,100964,300000.0,755.0,1.13,True
500965,100965,150000.0,747.0,0.65,False
500966,100966,50000.0,370.0,1.2,True
500967,100967,100000.0,889.0,0.65,False
500968,100968,50000.0,429.0,0.68,False
500969,100969,150000.0,606.0,0.5,False
500970,100970,75000.0,606.0,0.41,False
500971,100971,50000.0,606.0,0.34,False
500972,100972,300000.0,834.0,0.44,False
500973,100973,100000.0,601.0,0.58,False
500974,100974,100000.0,606.0,0.27,False
500975,100975,75000.0,872.0,0.31,False
500976,100976,50000.0,414.0,0.36,False
500977,100977,150000.0,759.0,0.57,False
500978,100978,75000.0,804.0,0.8,False
500979,100979,50000.0,607.0,1.03,True
500980,100980,200000.0,624.0,0.38,False
500981,100981,100000.0,878.0,0.26,False
500982,100982,150000.0,474.0,0.49,False
500983,100983,300000.0,813.0,1.08,True
500984,100984,150000.0,471.0,0.06,False
500985,100985,300000.0,801.0,0.83,True
500986,100986,150000.0,633.0,0.6,False
500987,100987,100000.0,583.0,0.24,False
500988,100988,300000.0,774.0,0.42,False
500989,100989,50000.0,353.0,0.31,False
500990,100990,300000.0,757.0,1.06,True
500991,100991,75000.0,878.0,0.6,False
500992,100992,50000.0,719.0,0.7,False
500993,100993,75000.0,708.0,0.73,False
500994,100994,150000.0,603.0,0.79,False
500995,100995,50000.0,858.0,0.62,False
500996,100996,150000.0,521.0,0.07,False
500997,100997,200000.0,832.0,0.43,False
500998,100998,150000.0,457.0,0.26,False
500999,100999,150000.0,647.0,0.83,True
501000,101000,75000.0,606.0,0.12,False
501001,101001,300000.0,606.0,0.7,False
501002,101002,200000.0,704.0,0.29,False
501003,101003,150000.0,556.0,1.14,True
501004,101004,150000.0,888.0,0.44,False
501005,101005,200000.0,896.0,0.42,False
501006,101006,200000.0,857.0,1.11,True
501007,101007,50000.0,346.0,0.53,False
501008,101008,75000.0,512.0,1.16,True
501009,101009,200000.0,778.0,0.08,False
501010,101010,200000.0,786.0,0.4,False
501011,101011,100000.0,870.0,0.82,True
501012,101012,300000.0,865.0,1.07,True
501013,101013,200000.0,641.0,0.34,False
501014,101014,75000.0,823.0,1.12,True
501015,101015,300000.0,802.0,0.73,False
501016,101016,300000.0,305.0,0.97,True
501017,101017,150000.0,443.0,0.51,False
501018,101018,150000.0,560.0,0.29,False
501019,101019,150000.0,884.0,1.1,True
501020,101020,150000.0,531.0,1.12,True
501021,101021,100000.0,569.0,0.62,False
501022,101022,200000.0,746.0,0.06,False
501023,101023,150000.0,606.0,0.18,False
501024,101024,50000.0,351.0,0.71,False
501025,101025,150000.0,606.0,0.08,False
501026,101026,200000.0,837.0,0.51,False
501027,101027,150000.0,864.0,0.4,False
501028,101028,100000.0,840.0,0.87,True
501029,101029,75000.0,318.0,0.11,False
501030,101030,75000.0,691.0,0.61,False
501031,101031,200000.0,718.0,0.72,False
501032,101032,75000.0,606.0,0.76,False
501033,101033,75000.0,606.0,0.52,False
501034,101034,50000.0,560.0,0.4,False
501035,101035,200000.0,827.0,0.83,True
501036,101036,200000.0,572.0,1.02,True
501037,101037,75000.0,459.0,0.85,True
501038,101038,75000.0,523.0,1.12,True
501039,101039,75000.0,555.0,0.87,True
501040,101040,300000.0,479.0,0.93,True
501041,101041,100000.0,319.0,0.24,False
501042,101042,150000.0,767.0,0.53,False
501043,101043,100000.0,509.0,0.61,False
501044,101044,200000.0,812.0,0.34,False
501045,101045,50000.0,357.0,0.66,False
501046,101046,150000.0,392.0,0.38,False
501047,101047,50000.0,520.0,0.84,True
501048,101048,300000.0,531.0,0.59,False
501049,101049,200000.0,663.0,0.58,False
501050,101050,300000.0,861.0,1.18,True
501051,101051,200000.0,673.0,0.5,False
501052,101052,50000.0,755.0,0.47,False
501053,101053,50000.0,387.0,0.42,False
501054,101054,50000.0,319.0,1.08,True
501055,101055,200000.0,313.0,0.62,False
501056,101056,75000.0,432.0,0.74,False
501057,101057,50000.0,333.0,0.26,False
501058,101058,300000.0,507.0,0.67,False
501059,101059,150000.0,498.0,0.37,False
501060,101060,200000.0,606.0,0.89,True
501061,101061,300000.0,882.0,1.01,True
501062,101062,100000.0,454.0,0.87,True
501063,101063,100000.0,889.0,0.89,True
501064,101064,150000.0,377.0,0.64,False
501065,101065,75000.0,471.0,0.87,True
501066,101066,50000.0,588.0,0.54,False
501067,101067,200000.0,844.0,0.8,False
501068,101068,300000.0,719.0,0.35,False
501069,101069,50000.0,306.0,0.13,False
501070,101070,300000.0,459.0,0.53,False
501071,101071,200000.0,539.0,0.58,False
501072,101072,100000.0,722.0,0.34,False
501073,101073,50000.0,835.0,0.89,True
501074,101074,150000.0,369.0,0.13,False
501075,101075,75000.0,515.0,0.31,False
501076,101076,150000.0,606.0,0.91,True
501077,101077,75000.0,353.0,0.55,False
501078,101078,300000.0,629.0,0.86,True
501079,101079,50000.0,502.0,0.7,False
501080,101080,50000.0,587.0,1.14,True
501081,101081,75000.0,344.0,0.74,False
501082,101082,100000.0,497.0,0.07,False
501083,101083,200000.0,515.0,0.46,False
501084,101084,150000.0,780.0,0.21,False
501085,101085,300000.0,608.0,1.11,True
501086,101086,150000.0,734.0,0.17,False
501087,101087,150000.0,631.0,0.5,False
501088,101088,300000.0,326.0,0.31,False
501089,101089,300000.0,465.0,1.02,True
501090,101090,50000.0,617.0,0.4,False
501091,101091,150000.0,573.0,1.19,True
501092,101092,200000.0,682.0,0.09,False
501093,101093,200000.0,664.0,0.2,False
501094,101094,75000.0,402.0,0.31,False
501095,101095,300000.0,802.0,0.98,True
501096,101096,50000.0,672.0,1.06,True
501097,101097,200000.0,544.0,0.13,False
501098,101098,100000.0,468.0,0.09,False
501099,101099,50000.0,717.0,0.91,True
501100,101100,50000.0,606.0,0.2,False
501101,101101,200000.0,777.0,0.2,False
501102,101102,100000.0,424.0,0.08,False
501103,101103,75000.0,836.0,0.11,False
501104,101104,200000.0,606.0,0.35,False
501105,101105,100000.0,606.0,0.12,False
501106,101106,50000.0,830.0,0.47,False
501107,101107,100000.0,606.0,1.01,True
501108,101108,50000.0,420.0,0.43,False
501109,101109,200000.0,331.0,0.89,True
501110,101110,300000.0,336.0,0.16,False
501111,101111,200000.0,641.0,0.81,True
501112,101112,150000.0,312.0,0.41,False
501113,101113,150000.0,482.0,0.91,True
501114,101114,150000.0,564.0,0.21,False
501115,101115,200000.0,606.0,1.08,True
501116,101116,75000.0,761.0,0.33,False
501117,101117,200000.0,345.0,0.46,False
501118,101118,300000.0,606.0,1.14,True
501119,101119,100000.0,606.0,0.72,False
501120,101120,200000.0,830.0,0.47,False
501121,101121,200000.0,746.0,1.14,True
501122,101122,50000.0,345.0,0.43,False
501123,101123,50000.0,807.0,0.16,False
501124,101124,50000.0,857.0,1.2,True
501125,101125,200000.0,825.0,0.36,False
501126,101126,75000.0,896.0,1.03,True
501127,101127,100000.0,302.0,0.24,False
501128,101128,100000.0,327.0,0.89,True
501129,101129,300000.0,680.0,0.65,False
501130,101130,75000.0,456.0,1.18,True
501131,101131,75000.0,810.0,0.69,False
501132,101132,100000.0,606.0,0.08,False
501133,101133,150000.0,413.0,0.74,False
501134,101134,50000.0,606.0,0.22,False
501135,101135,50000.0,786.0,0.97,True
501136,101136,100000.0,549.0,1.04,True
501137,101137,75000.0,870.0,0.6,False
501138,101138,300000.0,614.0,0.95,True
501139,101139,150000.0,538.0,0.22,False
501140,101140,100000.0,533.0,0.62,False
501141,101141,50000.0,602.0,0.5,False
501142,101142,200000.0,633.0,0.75,False
501143,101143,75000.0,412.0,0.1,False
501144,101144,200000.0,661.0,0.91,True
501145,101145,300000.0,396.0,0.14,False
501146,101146,100000.0,315.0,0.8,False
501147,101147,50000.0,855.0,0.07,False
501148,101148,150000.0,675.0,1.01,True
501149,101149,200000.0,689.0,0.25,False
501150,101150,150000.0,606.0,0.64,False
501151,101151,300000.0,698.0,0.35,False
501152,101152,50000.0,559.0,0.88,True
501153,101153,200000.0,619.0,0.42,False
501154,101154,300000.0,495.0,0.88,True
501155,101155,150000.0,777.0,0.38,False
501156,101156,150000.0,717.0,0.92,True
501157,101157,200000.0,774.0,0.09,False
501158,101158,50000.0,867.0,0.38,False
501159,101159,150000.0,843.0,0.62,False
501160,101160,100000.0,606.0,0.1,False
501161,101161,300000.0,606.0,0.26,False
501162,101162,200000.0,499.0,1.12,True
501163,101163,75000.0,898.0,1.17,True
501164,101164,75000.0,320.0,0.9,True
501165,101165,50000.0,606.0,0.34,False
501166,101166,100000.0,887.0,0.35,False
501167,101167,150000.0,895.0,0.79,False
501168,101168,75000.0,733.0,0.19,False
501169,101169,50000.0,606.0,1.14,True
501170,101170,300000.0,859.0,0.31,False
501171,101171,100000.0,377.0,1.2,True
501172,101172,100000.0,841.0,0.62,False
501173,101173,50000.0,584.0,0.94,True
501174,101174,50000.0,606.0,0.05,False
501175,101175,150000.0,852.0,1.07,True
501176,101176,50000.0,581.0,0.36,False
501177,101177,150000.0,861.0,0.82,True
501178,101178,150000.0,606.0,0.98,True
501179,101179,200000.0,659.0,0.24,False
501180,101180,100000.0,739.0,0.56,False
501181,101181,300000.0,569.0,0.62,False
501182,101182,100000.0,433.0,0.41,False
501183,101183,100000.0,606.0,0.6,False
501184,101184,200000.0,394.0,0.42,False
501185,101185,150000.0,872.0,0.46,False
501186,101186,150000.0,779.0,0.82,True
501187,101187,50000.0,540.0,0.78,False
501188,101188,200000.0,312.0,0.32,False
501189,101189,50000.0,446.0,1.08,True
501190,101190,200000.0,394.0,1.04,True
501191,101191,50000.0,592.0,0.64,False
501192,101192,75000.0,324.0,0.55,False
501193,101193,100000.0,571.0,0.48,False
501194,101194,100000.0,804.0,0.86,True
501195,101195,300000.0,465.0,0.82,True
501196,101196,150000.0,386.0,0.28,False
501197,101197,300000.0,790.0,0.82,True
501198,101198,75000.0,440.0,0.34,False
501199,101199,300000.0,402.0,0.07,False
501200,101200,100000.0,525.0,0.85,True
501201,101201,150000.0,874.0,0.79,False
501202,101202,75000.0,593.0,0.52,False
501203,101203,100000.0,605.0,0.65,False
501204,101204,50000.0,553.0,1.14,True
501205,101205,200000.0,479.0,0.73,False
501206,101206,75000.0,339.0,0.81,True
501207,101207,150000.0,606.0,0.12,False
501208,101208,300000.0,845.0,0.24,False
501209,101209,300000.0,535.0,0.4,False
501210,101210,75000.0,762.0,0.67,False
501211,101211,150000.0,527.0,0.94,True
501212,101212,75000.0,782.0,0.42,False
501213,101213,150000.0,729.0,0.46,False
501214,101214,300000.0,321.0,0.34,False
501215,101215,100000.0,642.0,0.34,False
501216,101216,50000.0,606.0,1.14,True
501217,101217,100000.0,472.0,0.78,False
501218,101218,50000.0,738.0,0.23,False
501219,101219,300000.0,478.0,0.88,True
501220,101220,100000.0,897.0,0.88,True
501221,101221,100000.0,432.0,0.82,True
501222,101222,75000.0,650.0,0.2,False
501223,101223,200000.0,824.0,0.52,False
501224,101224,300000.0,606.0,0.17,False
501225,101225,150000.0,805.0,0.99,True
501226,101226,300000.0,383.0,0.8,False
501227,101227,150000.0,763.0,0.63,False
501228,101228,150000.0,642.0,0.44,False
501229,101229,50000.0,579.0,0.26,False
501230,101230,150000.0,562.0,0.17,False
501231,101231,150000.0,465.0,1.16,True
501232,101232,75000.0,592.0,0.28,False
501233,101233,100000.0,606.0,0.12,False
501234,101234,300000.0,879.0,1.16,True
501235,101235,300000.0,525.0,0.68,False
501236,101236,150000.0,469.0,0.97,True
501237,101237,200000.0,897.0,0.1,False
501238,101238,300000.0,606.0,0.7,False
501239,101239,150000.0,801.0,0.51,False
501240,101240,50000.0,826.0,0.94,True
501241,101241,50000.0,678.0,0.09,False
501242,101242,50000.0,500.0,0.51,False
501243,101243,150000.0,549.0,0.97,True
501244,101244,75000.0,708.0,0.65,False
501245,101245,200000.0,424.0,0.68,False
501246,101246,150000.0,412.0,0.16,False
501247,101247,75000.0,436.0,0.2,False
501248,101248,75000.0,795.0,0.83,True
501249,101249,300000.0,449.0,0.83,True
501250,101250,150000.0,606.0,1.18,True
501251,101251,150000.0,879.0,0.87,True
501252,101252,75000.0,620.0,0.62,False
501253,101253,75000.0,831.0,1.04,True
501254,101254,75000.0,588.0,0.17,False
501255,101255,300000.0,788.0,0.57,False
501256,101256,150000.0,791.0,0.38,False
501257,101257,75000.0,551.0,0.17,False
501258,101258,50000.0,376.0,0.93,True
501259,101259,150000.0,691.0,0.64,False
501260,101260,300000.0,711.0,0.69,False
501261,101261,50000.0,472.0,0.52,False
501262,101262,100000.0,500.0,0.58,False
501263,101263,150000.0,516.0,0.18,False
501264,101264,100000.0,675.0,0.82,True
501265,101265,75000.0,885.0,0.55,False
501266,101266,300000.0,310.0,0.99,True
501267,101267,75000.0,311.0,0.28,False
501268,101268,300000.0,889.0,0.29,False
501269,101269,200000.0,734.0,0.79,False
501270,101270,75000.0,672.0,1.02,True
501271,101271,100000.0,572.0,0.59,False
501272,101272,300000.0,875.0,0.89,True
501273,101273,75000.0,808.0,1.2,True
501274,101274,150000.0,431.0,1.19,True
501275,101275,300000.0,618.0,0.91,True
501276,101276,300000.0,467.0,0.9,True
501277,101277,75000.0,696.0,0.33,False
501278,101278,200000.0,479.0,1.01,True
501279,101279,75000.0,357.0,0.52,False
501280,101280,100000.0,779.0,1.16,True
501281,101281,100000.0,890.0,0.14,False
501282,101282,300000.0,759.0,0.55,False
501283,101283,300000.0,360.0,0.69,False
501284,101284,75000.0,668.0,0.52,False
501285,101285,100000.0,420.0,0.29,False
501286,101286,100000.0,845.0,0.73,False
501287,101287,200000.0,881.0,0.92,True
501288,101288,150000.0,316.0,0.79,False
501289,101289,200000.0,795.0,0.32,False
501290,101290,50000.0,796.0,0.89,True
501291,101291,200000.0,804.0,0.35,False
501292,101292,75000.0,831.0,0.25,False
501293,101293,150000.0,614.0,0.84,True
501294,101294,75000.0,368.0,1.02,True
501295,101295,50000.0,460.0,0.6,False
501296,101296,150000.0,444.0,0.66,False
501297,101297,300000.0,868.0,0.4,False
501298,101298,100000.0,894.0,0.62,False
501299,101299,200000.0,684.0,0.2,False
501300,101300,75000.0,568.0,1.15,True
501301,101301,50000.0,753.0,0.97,True
501302,101302,100000.0,606.0,0.82,True
501303,101303,200000.0,649.0,0.67,False
501304,101304,100000.0,409.0,0.96,True
501305,101305,200000.0,782.0,0.62,False
501306,101306,300000.0,706.0,0.39,False
501307,101307,150000.0,350.0,0.23,False
501308,101308,100000.0,606.0,0.79,False
501309,101309,100000.0,862.0,1.12,True
501310,101310,100000.0,775.0,0.23,False
501311,101311,150000.0,386.0,0.26,False
501312,101312,50000.0,367.0,0.55,False
501313,101313,200000.0,895.0,0.98,True
501314,101314,300000.0,341.0,0.39,False
501315,101315,100000.0,356.0,0.34,False
501316,101316,150000.0,495.0,0.76,False
501317,101317,50000.0,361.0,0.67,False
501318,101318,200000.0,562.0,0.12,False
501319,101319,150000.0,411.0,0.14,False
501320,101320,300000.0,606.0,0.79,False
501321,101321,300000.0,325.0,0.58,False
501322,101322,200000.0,709.0,1.17,True
501323,101323,100000.0,830.0,0.83,True
501324,101324,300000.0,616.0,0.06,False
501325,101325,50000.0,831.0,0.6,False
501326,101326,150000.0,405.0,0.53,False
501327,101327,50000.0,763.0,0.17,False
501328,101328,100000.0,545.0,1.11,True
501329,101329,50000.0,380.0,0.98,True
501330,101330,50000.0,695.0,0.31,False
501331,101331,75000.0,606.0,0.34,False
501332,101332,50000.0,563.0,0.09,False
501333,101333,200000.0,573.0,0.39,False
501334,101334,150000.0,471.0,0.72,False
501335,101335,75000.0,606.0,0.53,False
501336,101336,150000.0,325.0,1.16,True
501337,101337,150000.0,768.0,0.11,False
501338,101338,100000.0,775.0,0.73,False
501339,101339,100000.0,655.0,1.04,True
501340,101340,75000.0,325.0,0.6,False
501341,101341,300000.0,333.0,0.05,False
501342,101342,100000.0,563.0,0.33,False
501343,101343,100000.0,437.0,0.42,False
501344,101344,100000.0,865.0,1.16,True
501345,101345,150000.0,761.0,1.1,True
501346,101346,75000.0,467.0,1.14,True
501347,101347,150000.0,380.0,1.0,True
501348,101348,200000.0,706.0,0.45,False
501349,101349,150000.0,873.0,1.09,True
501350,101350,200000.0,345.0,1.18,True
501351,101351,50000.0,898.0,0.45,False
501352,101352,50000.0,352.0,0.35,False
501353,101353,200000.0,775.0,0.68,False
501354,101354,200000.0,891.0,0.27,False
501355,101355,150000.0,606.0,0.09,False
501356,101356,200000.0,606.0,1.14,True
501357,101357,75000.0,786.0,1.11,True
501358,101358,50000.0,801.0,0.24,False
501359,101359,50000.0,440.0,0.52,False
501360,101360,300000.0,746.0,1.01,True
501361,101361,200000.0,589.0,0.81,True
501362,101362,100000.0,508.0,0.5,False
501363,101363,100000.0,606.0,0.91,True
501364,101364,200000.0,606.0,1.08,True
501365,101365,75000.0,726.0,1.12,True
501366,101366,100000.0,670.0,0.49,False
501367,101367,300000.0,589.0,0.25,False
501368,101368,200000.0,731.0,1.1,True
501369,101369,75000.0,567.0,0.16,False
501370,101370,75000.0,606.0,0.88,True
501371,101371,150000.0,554.0,0.21,False
501372,101372,75000.0,652.0,0.5,False
501373,101373,100000.0,676.0,0.52,False
501374,101374,100000.0,657.0,0.23,False
501375,101375,200000.0,669.0,1.11,True
501376,101376,200000.0,526.0,0.05,False
501377,101377,75000.0,602.0,1.08,True
501378,101378,300000.0,688.0,1.07,True
501379,101379,50000.0,676.0,0.41,False
501380,101380,150000.0,417.0,0.86,True
501381,101381,50000.0,304.0,0.34,False
501382,101382,75000.0,606.0,0.92,True
501383,101383,75000.0,651.0,0.7,False
501384,101384,50000.0,832.0,0.4,False
501385,101385,150000.0,423.0,0.51,False
501386,101386,50000.0,576.0,0.84,True
501387,101387,200000.0,693.0,1.09,True
501388,101388,100000.0,659.0,0.2,False
501389,101389,300000.0,768.0,0.71,False
501390,101390,200000.0,356.0,0.34,False
501391,101391,100000.0,550.0,0.97,True
501392,101392,300000.0,449.0,0.13,False
501393,101393,300000.0,751.0,0.84,True
501394,101394,300000.0,606.0,0.25,False
501395,101395,75000.0,419.0,0.74,False
501396,101396,300000.0,881.0,1.01,True
501397,101397,150000.0,650.0,0.92,True
501398,101398,50000.0,398.0,0.92,True
501399,101399,150000.0,466.0,0.65,False
501400,101400,50000.0,813.0,1.07,True
501401,101401,200000.0,700.0,0.73,False
501402,101402,200000.0,664.0,1.11,True
501403,101403,50000.0,606.0,0.68,False
501404,101404,150000.0,625.0,0.63,False
501405,101405,50000.0,880.0,0.31,False
501406,101406,300000.0,546.0,0.68,False
501407,101407,75000.0,733.0,0.21,False
501408,101408,200000.0,392.0,1.05,True
501409,101409,75000.0,567.0,0.83,True
501410,101410,300000.0,620.0,1.19,True
501411,101411,300000.0,361.0,0.16,False
501412,101412,200000.0,599.0,0.33,False
501413,101413,200000.0,702.0,1.06,True
501414,101414,300000.0,866.0,0.5,False
501415,101415,100000.0,602.0,0.59,False
501416,101416,75000.0,552.0,1.04,True
501417,101417,75000.0,777.0,0.65,False
501418,101418,100000.0,668.0,0.27,False
501419,101419,150000.0,459.0,1.08,True
501420,101420,75000.0,465.0,0.09,False
501421,101421,50000.0,504.0,1.08,True
501422,101422,300000.0,606.0,0.11,False
501423,101423,300000.0,437.0,0.82,True
501424,101424,100000.0,667.0,0.13,False
501425,101425,75000.0,742.0,0.86,True
501426,101426,150000.0,866.0,0.09,False
501427,101427,75000.0,316.0,1.02,True
501428,101428,300000.0,367.0,0.59,False
501429,101429,200000.0,432.0,0.16,False
501430,101430,50000.0,729.0,0.86,True
501431,101431,100000.0,607.0,0.61,False
501432,101432,200000.0,473.0,0.27,False
501433,101433,150000.0,711.0,0.07,False
501434,101434,200000.0,396.0,0.53,False
501435,101435,200000.0,453.0,0.15,False
501436,101436,150000.0,541.0,0.16,False
501437,101437,200000.0,603.0,0.36,False
501438,101438,100000.0,584.0,0.78,False
501439,101439,300000.0,326.0,0.66,False
501440,101440,75000.0,701.0,0.13,False
501441,101441,200000.0,606.0,1.16,True
501442,101442,100000.0,359.0,1.07,True
501443,101443,75000.0,501.0,0.35,False
501444,101444,75000.0,606.0,0.19,False
501445,101445,200000.0,669.0,1.13,True
501446,101446,100000.0,832.0,0.58,False
501447,101447,300000.0,451.0,0.41,False
501448,101448,200000.0,401.0,0.61,False
501449,101449,150000.0,745.0,0.94,True
501450,101450,75000.0,528.0,0.24,False
501451,101451,200000.0,424.0,0.93,True
501452,101452,75000.0,535.0,0.91,True
501453,101453,100000.0,461.0,0.67,False
501454,101454,50000.0,853.0,1.05,True
501455,101455,200000.0,652.0,0.2,False
501456,101456,300000.0,367.0,0.73,False
501457,101457,200000.0,472.0,0.57,False
501458,101458,75000.0,858.0,0.54,False
501459,101459,100000.0,560.0,0.34,False
501460,101460,150000.0,516.0,0.48,False
501461,101461,300000.0,423.0,0.17,False
501462,101462,100000.0,461.0,0.34,False
501463,101463,200000.0,500.0,0.36,False
501464,101464,150000.0,753.0,0.88,True
501465,101465,100000.0,701.0,0.11,False
501466,101466,50000.0,761.0,0.8,False
501467,101467,300000.0,574.0,0.3,False
501468,101468,75000.0,505.0,0.14,False
501469,101469,100000.0,339.0,0.4,False
501470,101470,100000.0,572.0,0.31,False
501471,101471,50000.0,392.0,0.68,False
501472,101472,200000.0,341.0,0.46,False
501473,101473,300000.0,764.0,1.16,True
501474,101474,300000.0,678.0,1.16,True
501475,101475,75000.0,406.0,0.56,False
501476,101476,100000.0,627.0,0.96,True
501477,101477,150000.0,606.0,0.07,False
501478,101478,100000.0,664.0,0.68,False
501479,101479,75000.0,783.0,0.9,True
501480,101480,100000.0,323.0,0.3,False
501481,101481,50000.0,839.0,0.12,False
501482,101482,100000.0,361.0,0.23,False
501483,101483,100000.0,790.0,0.56,False
501484,101484,150000.0,572.0,0.63,False
501485,101485,50000.0,528.0,0.49,False
501486,101486,50000.0,319.0,0.56,False
501487,101487,100000.0,606.0,0.59,False
501488,101488,300000.0,720.0,0.93,True
501489,101489,150000.0,606.0,0.17,False
501490,101490,100000.0,731.0,0.93,True
501491,101491,100000.0,435.0,0.84,True
501492,101492,75000.0,814.0,0.9,True
501493,101493,75000.0,492.0,0.89,True
501494,101494,300000.0,884.0,0.59,False
501495,101495,150000.0,714.0,0.29,False
501496,101496,200000.0,417.0,0.67,False
501497,101497,75000.0,508.0,1.15,True
501498,101498,200000.0,606.0,0.73,False
501499,101499,50000.0,617.0,0.06,False
501500,101500,75000.0,419.0,0.12,False
501501,101501,75000.0,824.0,1.19,True
501502,101502,150000.0,880.0,0.13,False
501503,101503,300000.0,388.0,0.1,False
501504,101504,200000.0,811.0,0.46,False
501505,101505,75000.0,346.0,1.16,True
501506,101506,75000.0,821.0,0.42,False
501507,101507,150000.0,583.0,0.52,False
501508,101508,150000.0,676.0,0.78,False
501509,101509,300000.0,433.0,0.08,False
501510,101510,200000.0,547.0,1.08,True
501511,101511,50000.0,617.0,0.65,False
501512,101512,300000.0,735.0,0.59,False
501513,101513,50000.0,475.0,1.04,True
501514,101514,100000.0,885.0,1.15,True
501515,101515,75000.0,650.0,0.54,False
501516,101516,200000.0,442.0,0.25,False
501517,101517,300000.0,606.0,0.99,True
501518,101518,75000.0,668.0,0.51,False
501519,101519,200000.0,800.0,1.13,True
501520,101520,200000.0,669.0,1.14,True
501521,101521,200000.0,878.0,0.18,False
501522,101522,75000.0,681.0,1.15,True
501523,101523,300000.0,385.0,0.47,False
501524,101524,150000.0,759.0,0.79,False
501525,101525,75000.0,624.0,0.09,False
501526,101526,200000.0,821.0,1.07,True
501527,101527,300000.0,606.0,0.79,False
501528,101528,100000.0,606.0,0.79,False
501529,101529,50000.0,654.0,1.09,True
501530,101530,200000.0,587.0,0.63,False
501531,101531,100000.0,758.0,0.52,False
501532,101532,150000.0,835.0,1.05,True
501533,101533,200000.0,590.0,0.9,True
501534,101534,100000.0,467.0,1.14,True
501535,101535,200000.0,727.0,1.13,True
501536,101536,75000.0,789.0,0.49,False
501537,101537,300000.0,654.0,0.56,False
501538,101538,100000.0,495.0,0.34,False
501539,101539,300000.0,844.0,0.81,True
501540,101540,75000.0,310.0,0.47,False
501541,101541,75000.0,881.0,0.95,True
501542,101542,300000.0,555.0,0.19,False
501543,101543,100000.0,695.0,0.18,False
501544,101544,300000.0,708.0,0.29,False
501545,101545,300000.0,661.0,0.15,False
501546,101546,50000.0,558.0,0.76,False
501547,101547,100000.0,302.0,0.22,False
501548,101548,50000.0,383.0,0.23,False
501549,101549,200000.0,455.0,0.07,False
501550,101550,300000.0,475.0,0.95,True
501551,101551,200000.0,771.0,0.98,True
501552,101552,100000.0,606.0,0.24,False
501553,101553,300000.0,433.0,0.9,True
501554,101554,200000.0,679.0,0.55,False
501555,101555,150000.0,576.0,0.33,False
501556,101556,75000.0,535.0,0.76,False
501557,101557,300000.0,312.0,0.26,False
501558,101558,75000.0,641.0,0.92,True
501559,101559,50000.0,334.0,0.1,False
501560,101560,200000.0,858.0,1.15,True
501561,101561,50000.0,513.0,0.13,False
501562,101562,300000.0,606.0,0.72,False
501563,101563,75000.0,704.0,1.09,True
501564,101564,75000.0,793.0,0.06,False
501565,101565,200000.0,458.0,0.62,False
501566,101566,300000.0,409.0,0.45,False
501567,101567,150000.0,848.0,0.72,False
501568,101568,150000.0,606.0,0.31,False
501569,101569,200000.0,646.0,0.12,False
501570,101570,300000.0,606.0,0.77,False
501571,101571,200000.0,778.0,0.53,False
501572,101572,300000.0,410.0,0.77,False
501573,101573,50000.0,730.0,0.29,False
501574,101574,200000.0,841.0,0.44,False
501575,101575,300000.0,414.0,0.7,False
501576,101576,150000.0,389.0,0.73,False
501577,101577,300000.0,511.0,0.48,False
501578,101578,300000.0,849.0,0.37,False
501579,101579,200000.0,894.0,0.36,False
501580,101580,50000.0,838.0,0.25,False
501581,101581,50000.0,659.0,0.42,False
501582,101582,50000.0,785.0,0.28,False
501583,101583,50000.0,671.0,0.78,False
501584,101584,100000.0,514.0,0.7,False
501585,101585,200000.0,314.0,0.49,False
501586,101586,75000.0,558.0,0.42,False
501587,101587,200000.0,762.0,0.32,False
501588,101588,100000.0,419.0,0.67,False
501589,101589,50000.0,427.0,1.11,True
501590,101590,100000.0,822.0,0.84,True
501591,101591,150000.0,624.0,0.91,True
501592,101592,150000.0,619.0,1.01,True
501593,101593,200000.0,805.0,0.45,False
501594,101594,200000.0,825.0,0.12,False
501595,101595,75000.0,349.0,0.77,False
501596,101596,75000.0,883.0,0.27,False
501597,101597,150000.0,368.0,0.7,False
501598,101598,50000.0,690.0,0.9,True
501599,101599,100000.0,682.0,0.95,True
501600,101600,75000.0,315.0,0.4,False
501601,101601,300000.0,738.0,0.64,False
501602,101602,75000.0,867.0,0.76,False
501603,101603,50000.0,431.0,0.99,True
501604,101604,50000.0,859.0,0.93,True
501605,101605,200000.0,547.0,1.19,True
501606,101606,100000.0,572.0,0.06,False
501607,101607,50000.0,648.0,0.55,False
501608,101608,75000.0,783.0,0.34,False
501609,101609,75000.0,849.0,0.19,False
501610,101610,150000.0,656.0,1.1,True
501611,101611,50000.0,617.0,1.2,True
501612,101612,300000.0,347.0,0.26,False
501613,101613,200000.0,309.0,0.09,False
501614,101614,100000.0,532.0,0.37,False
501615,101615,300000.0,335.0,1.01,True
501616,101616,200000.0,712.0,0.39,False
501617,101617,75000.0,761.0,0.12,False
501618,101618,300000.0,303.0,0.11,False
501619,101619,200000.0,343.0,0.54,False
501620,101620,75000.0,867.0,1.12,True
501621,101621,75000.0,853.0,0.38,False
501622,101622,75000.0,554.0,0.54,False
501623,101623,75000.0,413.0,0.17,False
501624,101624,75000.0,696.0,0.62,False
501625,101625,150000.0,606.0,0.85,True
501626,101626,300000.0,554.0,0.36,False
501627,101627,200000.0,765.0,0.39,False
501628,101628,150000.0,576.0,1.02,True
501629,101629,150000.0,763.0,0.06,False
501630,101630,50000.0,801.0,0.78,False
501631,101631,50000.0,740.0,0.5,False
501632,101632,50000.0,368.0,0.39,False
501633,101633,100000.0,808.0,0.81,True
501634,101634,50000.0,625.0,1.01,True
501635,101635,200000.0,366.0,0.69,False
501636,101636,150000.0,603.0,0.09,False
501637,101637,200000.0,783.0,0.58,False
501638,101638,300000.0,847.0,0.58,False
501639,101639,50000.0,716.0,0.68,False
501640,101640,100000.0,458.0,0.82,True
501641,101641,300000.0,448.0,0.07,False
501642,101642,100000.0,326.0,0.63,False
501643,101643,300000.0,883.0,0.73,False
501644,101644,150000.0,547.0,0.44,False
501645,101645,200000.0,400.0,0.82,True
501646,101646,75000.0,395.0,0.31,False
501647,101647,200000.0,683.0,0.41,False
501648,101648,50000.0,581.0,1.16,True
501649,101649,75000.0,621.0,0.45,False
501650,101650,100000.0,606.0,0.45,False
501651,101651,150000.0,577.0,0.74,False
501652,101652,150000.0,828.0,1.17,True
501653,101653,100000.0,562.0,1.18,True
501654,101654,50000.0,879.0,0.72,False
501655,101655,100000.0,592.0,0.05,False
501656,101656,300000.0,593.0,1.09,True
501657,101657,50000.0,694.0,0.71,False
501658,101658,75000.0,812.0,0.47,False
501659,101659,100000.0,479.0,1.0,True
501660,101660,50000.0,534.0,0.51,False
501661,101661,75000.0,636.0,0.09,False
501662,101662,100000.0,307.0,0.99,True
501663,101663,150000.0,742.0,0.68,False
501664,101664,100000.0,838.0,0.44,False
501665,101665,200000.0,390.0,0.34,False
501666,101666,100000.0,571.0,0.73,False
501667,101667,200000.0,304.0,0.29,False
501668,101668,75000.0,893.0,0.42,False
501669,101669,100000.0,518.0,0.78,False
501670,101670,75000.0,417.0,1.06,True
501671,101671,75000.0,892.0,0.66,False
501672,101672,50000.0,881.0,0.92,True
501673,101673,75000.0,414.0,0.93,True
501674,101674,75000.0,562.0,0.81,True
501675,101675,100000.0,605.0,0.33,False
501676,101676,100000.0,721.0,1.05,True
501677,101677,150000.0,506.0,0.55,False
501678,101678,50000.0,602.0,0.1,False
501679,101679,75000.0,411.0,0.33,False
501680,101680,50000.0,716.0,0.93,True
501681,101681,200000.0,606.0,0.13,False
501682,101682,75000.0,584.0,0.22,False
501683,101683,50000.0,484.0,0.85,True
501684,101684,150000.0,520.0,1.08,True
501685,101685,150000.0,743.0,0.78,False
501686,101686,75000.0,416.0,0.31,False
501687,101687,200000.0,369.0,0.11,False
501688,101688,150000.0,369.0,0.76,False
501689,101689,150000.0,726.0,0.1,False
501690,101690,200000.0,867.0,0.75,False
501691,101691,50000.0,742.0,0.31,False
501692,101692,150000.0,436.0,1.09,True
501693,101693,100000.0,803.0,0.6,False
501694,101694,300000.0,430.0,0.31,False
501695,101695,300000.0,517.0,1.03,True
501696,101696,150000.0,470.0,0.34,False
501697,101697,50000.0,774.0,0.4,False
501698,101698,50000.0,428.0,1.01,True
501699,101699,75000.0,356.0,0.41,False
501700,101700,100000.0,480.0,0.52,False
501701,101701,50000.0,545.0,0.45,False
501702,101702,200000.0,443.0,0.18,False
501703,101703,100000.0,350.0,0.09,False
501704,101704,300000.0,606.0,0.88,True
501705,101705,100000.0,758.0,0.79,False
501706,101706,200000.0,606.0,0.37,False
501707,101707,150000.0,866.0,0.39,False
501708,101708,200000.0,556.0,1.14,True
501709,101709,200000.0,455.0,1.19,True
501710,101710,150000.0,864.0,0.59,False
501711,101711,150000.0,741.0,0.97,True
501712,101712,150000.0,324.0,0.9,True
501713,101713,150000.0,835.0,0.39,False
501714,101714,150000.0,359.0,0.12,False
501715,101715,200000.0,766.0,0.21,False
501716,101716,75000.0,733.0,1.01,True
501717,101717,75000.0,365.0,0.89,True
501718,101718,50000.0,864.0,0.81,True
501719,101719,75000.0,405.0,0.2,False
501720,101720,300000.0,606.0,0.79,False
501721,101721,75000.0,850.0,0.94,True
501722,101722,200000.0,467.0,1.04,True
501723,101723,150000.0,341.0,0.07,False
501724,101724,150000.0,403.0,0.84,True
501725,101725,200000.0,503.0,0.07,False
501726,101726,300000.0,819.0,0.86,True
501727,101727,75000.0,581.0,0.78,False
501728,101728,200000.0,342.0,0.22,False
501729,101729,50000.0,409.0,0.93,True
501730,101730,150000.0,509.0,0.13,False
501731,101731,100000.0,606.0,1.0,True
501732,101732,50000.0,414.0,0.35,False
501733,101733,300000.0,454.0,0.84,True
501734,101734,50000.0,802.0,1.11,True
501735,101735,200000.0,370.0,0.44,False
501736,101736,75000.0,818.0,0.63,False
501737,101737,150000.0,635.0,0.58,False
501738,101738,300000.0,366.0,0.23,False
501739,101739,300000.0,792.0,0.73,False
501740,101740,100000.0,606.0,0.9,True
501741,101741,50000.0,480.0,1.1,True
501742,101742,100000.0,898.0,1.03,True
501743,101743,75000.0,547.0,0.64,False
501744,101744,75000.0,513.0,0.88,True
501745,101745,100000.0,658.0,0.97,True
501746,101746,150000.0,548.0,0.62,False
501747,101747,75000.0,815.0,0.18,False
501748,101748,100000.0,387.0,0.55,False
501749,101749,50000.0,475.0,1.02,True
501750,101750,100000.0,725.0,0.74,False
501751,101751,100000.0,380.0,0.88,True
501752,101752,200000.0,437.0,0.26,False
501753,101753,75000.0,732.0,1.16,True
501754,101754,150000.0,769.0,0.51,False
501755,101755,150000.0,606.0,0.8,False
501756,101756,200000.0,425.0,0.07,False
501757,101757,300000.0,608.0,0.2,False
501758,101758,150000.0,529.0,0.95,True
501759,101759,100000.0,759.0,1.16,True
501760,101760,200000.0,644.0,0.42,False
501761,101761,50000.0,609.0,0.09,False
501762,101762,75000.0,319.0,0.46,False
501763,101763,75000.0,860.0,0.07,False
501764,101764,75000.0,840.0,0.27,False
501765,101765,100000.0,859.0,0.92,True
501766,101766,50000.0,776.0,1.13,True
501767,101767,200000.0,568.0,0.15,False
501768,101768,200000.0,302.0,0.69,False
501769,101769,75000.0,315.0,0.34,False
501770,101770,50000.0,657.0,0.21,False
501771,101771,50000.0,432.0,0.3,False
501772,101772,50000.0,611.0,0.71,False
501773,101773,150000.0,781.0,0.12,False
501774,101774,150000.0,843.0,0.55,False
501775,101775,75000.0,604.0,0.21,False
501776,101776,50000.0,568.0,0.36,False
501777,101777,300000.0,713.0,0.27,False
501778,101778,50000.0,324.0,1.07,True
501779,101779,200000.0,615.0,0.86,True
501780,101780,200000.0,870.0,1.05,True
501781,101781,75000.0,575.0,0.49,False
501782,101782,300000.0,688.0,0.41,False
501783,101783,50000.0,743.0,0.49,False
501784,101784,300000.0,726.0,0.07,False
501785,101785,75000.0,356.0,0.88,True
501786,101786,200000.0,865.0,0.45,False
501787,101787,200000.0,667.0,0.41,False
501788,101788,150000.0,641.0,0.74,False
501789,101789,75000.0,603.0,0.55,False
501790,101790,75000.0,673.0,1.18,True
501791,101791,50000.0,606.0,0.46,False
501792,101792,50000.0,305.0,0.76,False
501793,101793,150000.0,578.0,0.41,False
501794,101794,100000.0,681.0,1.19,True
501795,101795,300000.0,312.0,0.56,False
501796,101796,100000.0,606.0,0.78,False
501797,101797,100000.0,855.0,0.2,False
501798,101798,75000.0,606.0,0.89,True
501799,101799,300000.0,453.0,0.36,False
501800,101800,75000.0,480.0,0.57,False
501801,101801,300000.0,825.0,1.07,True
501802,101802,200000.0,479.0,1.17,True
501803,101803,75000.0,676.0,0.54,False
501804,101804,75000.0,606.0,1.01,True
501805,101805,75000.0,513.0,0.11,False
501806,101806,150000.0,449.0,1.02,True
501807,101807,75000.0,315.0,0.77,False
501808,101808,50000.0,390.0,0.61,False
501809,101809,50000.0,606.0,1.07,True
501810,101810,300000.0,552.0,1.02,True
501811,101811,200000.0,359.0,0.39,False
501812,101812,150000.0,565.0,0.96,True
501813,101813,300000.0,708.0,0.16,False
501814,101814,50000.0,330.0,1.0,True
501815,101815,150000.0,606.0,0.83,True
501816,101816,150000.0,892.0,0.15,False
501817,101817,200000.0,588.0,0.84,True
501818,101818,150000.0,842.0,0.72,False
501819,101819,75000.0,797.0,0.73,False
501820,101820,150000.0,773.0,0.38,False
501821,101821,200000.0,704.0,0.36,False
501822,101822,300000.0,847.0,0.93,True
501823,101823,200000.0,431.0,0.35,False
501824,101824,200000.0,623.0,0.56,False
501825,101825,50000.0,431.0,0.85,True
501826,101826,75000.0,820.0,0.14,False
501827,101827,50000.0,329.0,0.73,False
501828,101828,300000.0,600.0,0.73,False
501829,101829,100000.0,303.0,0.84,True
501830,101830,300000.0,624.0,0.48,False
501831,101831,75000.0,808.0,0.57,False
501832,101832,150000.0,536.0,0.43,False
501833,101833,200000.0,834.0,0.98,True
501834,101834,100000.0,315.0,0.2,False
501835,101835,75000.0,833.0,1.16,True
501836,101836,50000.0,606.0,0.78,False
501837,101837,200000.0,606.0,1.07,True
501838,101838,300000.0,802.0,0.54,False
501839,101839,50000.0,529.0,0.43,False
501840,101840,75000.0,406.0,1.09,True
501841,101841,75000.0,688.0,0.16,False
501842,101842,300000.0,562.0,0.18,False
501843,101843,100000.0,862.0,0.39,False
501844,101844,300000.0,364.0,1.15,True
501845,101845,150000.0,564.0,0.78,False
501846,101846,50000.0,637.0,0.69,False
501847,101847,100000.0,600.0,0.86,True
501848,101848,200000.0,677.0,0.53,False
501849,101849,150000.0,606.0,0.92,True
501850,101850,100000.0,451.0,0.5,False
501851,101851,50000.0,775.0,1.0,True
501852,101852,75000.0,565.0,0.36,False
501853,101853,200000.0,628.0,0.37,False
501854,101854,300000.0,462.0,0.65,False
501855,101855,50000.0,737.0,0.55,False
501856,101856,150000.0,642.0,0.8,False
501857,101857,150000.0,666.0,0.47,False
501858,101858,75000.0,764.0,0.32,False
501859,101859,75000.0,498.0,0.59,False
501860,101860,200000.0,799.0,0.7,False
501861,101861,300000.0,315.0,0.21,False
501862,101862,200000.0,595.0,0.69,False
501863,101863,75000.0,810.0,0.42,False
501864,101864,75000.0,538.0,0.5,False
501865,101865,150000.0,880.0,0.37,False
501866,101866,75000.0,600.0,1.12,True
501867,101867,100000.0,305.0,0.84,True
501868,101868,50000.0,519.0,0.35,False
501869,101869,75000.0,752.0,0.79,False
501870,101870,200000.0,732.0,1.03,True
501871,101871,300000.0,685.0,0.51,False
501872,101872,300000.0,594.0,1.0,True
501873,101873,300000.0,417.0,0.23,False
501874,101874,100000.0,704.0,1.0,True
501875,101875,200000.0,893.0,0.67,False
501876,101876,100000.0,865.0,0.31,False
501877,101877,75000.0,311.0,0.52,False
501878,101878,50000.0,508.0,1.19,True
501879,101879,300000.0,464.0,0.95,True
501880,101880,200000.0,593.0,0.71,False
501881,101881,300000.0,818.0,0.18,False
501882,101882,100000.0,377.0,0.53,False
501883,101883,150000.0,733.0,0.35,False
501884,101884,75000.0,876.0,0.13,False
501885,101885,50000.0,376.0,0.67,False
501886,101886,75000.0,347.0,1.07,True
501887,101887,150000.0,381.0,0.83,True
501888,101888,50000.0,508.0,0.34,False
501889,101889,150000.0,744.0,0.71,False
501890,101890,75000.0,895.0,1.13,True
501891,101891,100000.0,821.0,0.88,True
501892,101892,75000.0,328.0,0.84,True
501893,101893,75000.0,603.0,1.16,True
501894,101894,75000.0,764.0,0.97,True
501895,101895,200000.0,801.0,0.21,False
501896,101896,150000.0,745.0,0.45,False
501897,101897,150000.0,789.0,1.16,True
501898,101898,300000.0,727.0,0.61,False
501899,101899,150000.0,858.0,0.18,False
501900,101900,300000.0,658.0,0.58,False
501901,101901,200000.0,390.0,0.85,True
501902,101902,100000.0,352.0,1.2,True
501903,101903,300000.0,888.0,0.42,False
501904,101904,75000.0,503.0,0.64,False
501905,101905,100000.0,855.0,1.06,True
501906,101906,200000.0,455.0,0.46,False
501907,101907,150000.0,301.0,0.18,False
501908,101908,300000.0,606.0,1.14,True
501909,101909,75000.0,868.0,0.61,False
501910,101910,50000.0,357.0,0.63,False
501911,101911,50000.0,553.0,0.76,False
501912,101912,100000.0,479.0,0.05,False
501913,101913,150000.0,792.0,1.12,True
501914,101914,50000.0,334.0,0.47,False
501915,101915,100000.0,374.0,0.51,False
501916,101916,200000.0,588.0,0.25,False
501917,101917,100000.0,670.0,0.48,False
501918,101918,100000.0,886.0,0.97,True
501919,101919,100000.0,628.0,0.97,True
501920,101920,75000.0,889.0,1.13,True
501921,101921,100000.0,603.0,0.51,False
501922,101922,300000.0,606.0,0.87,True
501923,101923,100000.0,520.0,0.63,False
501924,101924,75000.0,463.0,0.97,True
501925,101925,75000.0,779.0,0.87,True
501926,101926,200000.0,754.0,0.47,False
501927,101927,150000.0,674.0,0.44,False
501928,101928,50000.0,519.0,0.34,False
501929,101929,50000.0,553.0,0.71,False
501930,101930,100000.0,487.0,1.16,True
501931,101931,200000.0,490.0,0.28,False
501932,101932,100000.0,688.0,0.16,False
501933,101933,50000.0,514.0,0.19,False
501934,101934,75000.0,674.0,0.95,True
501935,101935,150000.0,385.0,0.45,False
501936,101936,200000.0,773.0,0.31,False
501937,101937,75000.0,606.0,0.46,False
501938,101938,150000.0,346.0,0.79,False
501939,101939,200000.0,364.0,0.68,False
501940,101940,200000.0,774.0,0.91,True
501941,101941,50000.0,445.0,0.44,False
501942,101942,75000.0,681.0,0.57,False
501943,101943,200000.0,365.0,0.17,False
501944,101944,300000.0,816.0,0.13,False
501945,101945,200000.0,392.0,0.58,False
501946,101946,150000.0,725.0,0.4,False
501947,101947,50000.0,767.0,0.75,False
501948,101948,100000.0,393.0,0.1,False
501949,101949,50000.0,432.0,0.19,False
501950,101950,100000.0,733.0,1.04,True
501951,101951,75000.0,606.0,0.7,False
501952,101952,75000.0,613.0,0.87,True
501953,101953,200000.0,890.0,1.02,True
501954,101954,300000.0,511.0,0.58,False
501955,101955,75000.0,819.0,0.93,True
501956,101956,200000.0,458.0,0.65,False
501957,101957,50000.0,567.0,0.31,False
501958,101958,75000.0,773.0,0.44,False
501959,101959,50000.0,709.0,0.61,False
501960,101960,50000.0,773.0,0.41,False
501961,101961,300000.0,655.0,0.44,False
501962,101962,75000.0,492.0,0.44,False
501963,101963,50000.0,570.0,0.19,False
501964,101964,300000.0,413.0,0.15,False
501965,101965,300000.0,606.0,0.1,False
501966,101966,75000.0,354.0,0.18,False
501967,101967,300000.0,364.0,0.45,False
501968,101968,75000.0,571.0,0.73,False
501969,101969,75000.0,801.0,0.27,False
501970,101970,100000.0,661.0,1.07,True
501971,101971,50000.0,445.0,0.98,True
501972,101972,150000.0,508.0,0.65,False
501973,101973,75000.0,585.0,0.88,True
501974,101974,50000.0,309.0,0.47,False
501975,101975,300000.0,485.0,0.09,False
501976,101976,200000.0,873.0,1.09,True
501977,101977,75000.0,896.0,0.2,False
501978,101978,300000.0,763.0,1.14,True
501979,101979,300000.0,433.0,0.71,False
501980,101980,300000.0,470.0,0.4,False
501981,101981,300000.0,512.0,0.62,False
501982,101982,300000.0,606.0,0.63,False
501983,101983,75000.0,801.0,0.08,False
501984,101984,150000.0,871.0,0.46,False
501985,101985,100000.0,899.0,0.9,True
501986,101986,300000.0,326.0,0.64,False
501987,101987,300000.0,367.0,0.33,False
501988,101988,100000.0,707.0,0.44,False
501989,101989,75000.0,851.0,1.04,True
501990,101990,50000.0,408.0,0.65,False
501991,101991,200000.0,373.0,0.66,False
501992,101992,200000.0,877.0,1.16,True
501993,101993,50000.0,561.0,0.42,False
501994,101994,75000.0,606.0,0.6,False
501995,101995,200000.0,536.0,0.98,True
501996,101996,100000.0,665.0,0.92,True
501997,101997,50000.0,585.0,0.36,False
501998,101998,150000.0,677.0,0.22,False
501999,101999,75000.0,675.0,0.86,True
