customer_id,total_repaid,avg_payment_delay,max_payment_delay,delayed_payment_count,severe_delay_count
100000,44885.86,11.666666666666666,15,3,0
100001,76148.20999999999,14.285714285714286,30,5,3
100002,21925.489999999998,15.0,15,3,0
100003,32248.030000000002,15.0,30,1,1
100004,10500.44,0.0,0,0,0
100005,17492.63,10.0,10,1,0
100006,10394.07,5.0,5,2,0
100007,27075.910000000003,0.0,0,0,0
100008,22390.62,12.5,15,2,0
100010,66412.86,17.5,30,4,3
100011,43916.51,5.0,10,2,0
100012,2790.79,5.0,5,1,0
100013,59069.12,4.0,15,2,0
100014,6194.49,10.0,10,2,0
100015,1823.14,0.0,0,0,0
100016,15398.99,7.5,10,2,0
100017,27917.03,10.0,30,1,1
100018,13333.13,5.0,5,1,0
100019,9939.83,10.0,10,1,0
100020,8551.56,15.0,15,1,0
100021,64491.53,7.5,30,3,1
100022,29298.1,7.5,15,1,0
100023,48351.619999999995,1.6666666666666667,5,1,0
100024,13315.1,15.0,30,1,1
100025,8945.18,13.333333333333334,30,2,1
100026,12574.36,7.5,15,1,0
100027,33374.76,15.0,15,2,0
100028,26488.2,2.5,5,1,0
100029,69463.38,13.571428571428571,30,5,2
100030,21564.67,15.0,30,1,1
100031,50399.96,8.0,15,3,0
100032,40662.009999999995,1.0,5,1,0
100033,26123.55,12.5,15,2,0
100034,52344.85,5.0,15,2,0
100035,43370.270000000004,5.0,15,2,0
100036,12469.41,0.0,0,0,0
100037,32812.01,5.0,15,1,0
100038,5460.99,5.0,5,1,0
100039,20291.469999999998,30.0,30,2,2
100040,7436.43,30.0,30,1,1
100041,8151.1,30.0,30,1,1
100042,48454.9,10.0,30,4,1
100043,3042.47,5.0,5,1,0
100044,2484.63,0.0,0,0,0
100045,14339.189999999999,2.5,5,1,0
100046,30462.37,5.0,10,2,0
100047,78970.56,8.333333333333334,30,3,1
100049,16026.83,0.0,0,0,0
100051,35268.770000000004,8.333333333333334,15,2,0
100052,24108.260000000002,15.0,30,1,1
100053,11763.21,0.0,0,0,0
100054,37966.4,18.75,30,4,2
100055,28311.7,10.0,15,2,0
100056,37557.979999999996,5.0,15,1,0
100057,29366.12,2.5,5,1,0
100059,28045.17,15.0,15,2,0
100060,799.91,10.0,10,1,0
100061,6961.17,30.0,30,2,2
100062,23157.03,7.5,15,1,0
100063,13693.11,0.0,0,0,0
100064,16494.36,20.0,30,2,1
100065,24204.21,15.0,30,1,1
100066,35142.04,7.5,15,1,0
100067,18226.62,5.0,15,1,0
100068,52058.56,6.25,15,3,0
100069,15035.75,16.25,30,3,2
100070,26662.989999999998,5.0,10,2,0
100071,20865.11,2.5,5,1,0
100072,57283.17,15.0,30,3,1
100073,31166.370000000003,0.0,0,0,0
100074,14993.33,0.0,0,0,0
100075,17125.670000000002,13.333333333333334,30,2,1
100078,55049.51,10.0,30,4,1
100079,57726.78999999999,12.5,30,3,1
100080,9631.92,5.0,5,1,0
100081,27870.34,15.0,30,2,2
100082,40890.29,10.0,30,2,1
100083,80454.7,11.428571428571429,30,4,2
100084,53556.87,5.0,15,1,0
100085,38589.0,9.0,15,4,0
100086,39301.44,6.666666666666667,15,2,0
100087,17593.61,3.3333333333333335,10,1,0
100088,16753.21,10.0,15,2,0
100089,26663.32,7.5,15,3,0
100090,20422.32,3.3333333333333335,5,2,0
100091,20425.23,10.0,15,2,0
100092,32081.299999999996,0.0,0,0,0
100093,17306.21,10.0,10,1,0
100094,11042.82,5.0,15,1,0
100095,46201.2,11.0,30,3,1
100096,35448.67,6.25,15,2,0
100098,22124.04,3.3333333333333335,10,1,0
100099,52799.99,11.0,30,3,1
100100,10925.42,15.0,15,1,0
100101,19859.4,11.25,30,3,1
100102,7214.13,30.0,30,1,1
100103,8731.25,2.5,5,1,0
100104,59146.31,8.0,30,3,1
100105,46443.36,17.5,30,3,2
100106,4105.22,10.0,10,1,0
100107,52250.509999999995,15.0,30,2,1
100108,14644.97,10.0,10,1,0
100109,5823.93,0.0,0,0,0
100110,24257.44,16.25,30,3,2
100111,19508.11,0.0,0,0,0
100112,37061.32,12.0,30,5,1
100113,29540.14,5.0,15,1,0
100114,16834.28,15.0,30,1,1
100115,18544.44,5.0,5,1,0
100116,6285.3,15.0,15,1,0
100117,16795.52,22.5,30,2,1
100118,64647.07,2.5,10,1,0
100119,36838.22,13.75,30,3,1
100120,4332.11,10.0,10,1,0
100121,42344.5,2.0,5,2,0
100122,7116.43,10.0,10,1,0
100123,28276.050000000003,8.333333333333334,15,2,0
100124,15278.029999999999,5.0,15,1,0
100125,4112.14,0.0,0,0,0
100126,38482.68,0.0,0,0,0
100127,26362.39,11.666666666666666,15,3,0
100128,21264.370000000003,22.5,30,2,1
100129,7043.37,30.0,30,1,1
100131,11117.75,15.0,30,1,1
100132,46920.86,2.0,5,2,0
100133,14808.49,20.0,30,2,1
100134,23627.940000000002,0.0,0,0,0
100135,68661.36,16.666666666666668,30,5,2
100136,33034.29,0.0,0,0,0
100137,41942.39,15.0,30,4,1
100138,26940.160000000003,11.666666666666666,30,2,1
100139,16654.0,15.0,30,1,1
100140,6432.6,0.0,0,0,0
100141,24330.34,10.0,15,2,0
100142,23560.1,15.0,30,1,1
100143,26587.160000000003,15.0,30,1,1
100144,35857.619999999995,5.0,15,1,0
100145,49037.97,8.75,30,2,1
100146,16108.409999999998,15.0,30,3,1
100147,11934.5,30.0,30,1,1
100148,21550.46,5.0,15,1,0
100149,18931.84,0.0,0,0,0
100150,20063.46,0.0,0,0,0
100151,52493.2,9.0,30,2,1
100152,33085.28999999999,15.0,30,3,1
100153,74571.58,1.6666666666666667,10,1,0
100154,43084.21,8.75,15,3,0
100155,61342.93,13.75,30,4,1
100156,12273.91,15.0,15,2,0
100157,22725.14,5.0,10,1,0
100158,28230.519999999997,10.0,15,2,0
100159,28017.57,11.666666666666666,30,2,1
100160,44854.71,6.25,15,2,0
100161,46172.14,11.0,15,5,0
100162,12475.57,30.0,30,1,1
100163,34690.9,10.0,30,1,1
100164,14510.14,10.0,15,2,0
100165,36499.08,3.0,15,1,0
100166,28665.91,10.0,30,1,1
100167,22729.92,10.0,30,1,1
100168,31005.11,9.0,30,2,1
100169,12343.86,0.0,0,0,0
100170,24569.84,12.5,15,4,0
100171,50324.66,21.25,30,4,2
100172,25001.75,0.0,0,0,0
100173,54566.04,4.0,15,2,0
100174,5859.2,0.0,0,0,0
100175,50130.39,11.25,30,2,1
100176,23176.83,7.5,15,1,0
100177,44310.05,3.75,10,2,0
100179,42689.0,8.0,15,4,0
100180,25605.02,0.0,0,0,0
100181,40812.21,10.0,30,2,1
100182,15197.47,7.5,15,1,0
100183,44737.31,5.0,10,2,0
100184,42581.85,13.0,30,4,1
100185,9115.29,0.0,0,0,0
100186,51483.81,4.166666666666667,10,3,0
100187,28338.91,13.333333333333334,30,3,1
100189,34317.590000000004,13.333333333333334,15,3,0
100190,30769.75,7.5,15,1,0
100191,37356.84,10.0,30,1,1
100192,20744.98,15.0,30,2,1
100193,18270.690000000002,2.5,5,1,0
100194,14134.61,5.0,5,1,0
100195,20746.88,15.0,30,2,1
100196,57797.93,2.0,10,1,0
100197,11572.26,0.0,0,0,0
100198,17544.86,2.5,5,1,0
100199,35646.44,2.5,5,1,0
100200,19885.54,0.0,0,0,0
100201,23830.489999999998,2.5,5,1,0
100202,22886.75,0.0,0,0,0
100203,913.07,10.0,10,1,0
100204,38501.31,8.75,15,3,0
100205,33212.97,11.666666666666666,15,3,0
100207,20777.16,3.3333333333333335,10,1,0
100208,21031.129999999997,22.5,30,2,1
100209,26680.6,5.0,10,1,0
100210,28025.61,2.5,5,1,0
100211,17948.43,15.0,15,1,0
100212,31806.270000000004,1.6666666666666667,5,1,0
100213,31910.07,11.666666666666666,30,2,1
100214,20793.71,2.5,5,1,0
100215,16278.91,13.333333333333334,30,2,1
100216,17650.77,12.5,30,3,1
100217,64216.46000000001,11.0,30,4,1
100218,22802.800000000003,5.0,15,1,0
100219,2661.72,0.0,0,0,0
100221,8293.5,30.0,30,1,1
100222,46683.399999999994,10.0,30,3,1
100223,39427.14,10.0,30,1,1
100224,26706.72,17.5,30,4,1
100225,65714.97,7.5,30,3,1
100226,44735.94,3.3333333333333335,10,1,0
100227,40142.75,0.0,0,0,0
100228,10887.91,30.0,30,1,1
100229,13583.4,0.0,0,0,0
100230,20063.03,11.666666666666666,30,2,1
100231,12459.75,0.0,0,0,0
100232,30596.5,13.75,30,4,1
100233,44071.28,8.333333333333334,15,2,0
100234,19414.89,0.0,0,0,0
100235,14397.27,0.0,0,0,0
100236,24582.940000000002,13.333333333333334,30,2,1
100237,19907.11,0.0,0,0,0
100238,18869.96,5.0,15,2,0
100239,48584.58,5.0,15,1,0
100240,36382.270000000004,8.75,15,3,0
100241,32040.710000000003,6.666666666666667,10,2,0
100243,35725.11,15.0,30,1,1
100244,10563.14,20.0,30,2,1
100245,4646.17,30.0,30,1,1
100246,23842.370000000003,15.0,30,3,1
100247,43811.85,3.75,10,2,0
100248,23487.86,0.0,0,0,0
100249,18672.68,10.0,10,1,0
100250,24590.379999999997,10.0,30,2,1
100251,1858.36,0.0,0,0,0
100252,3196.55,5.0,5,1,0
100253,21738.49,5.0,15,1,0
100254,18093.0,10.0,10,1,0
100255,17584.23,0.0,0,0,0
100256,16958.62,10.0,10,1,0
100257,53649.399999999994,12.5,30,6,1
100258,5899.4,15.0,15,1,0
100259,17725.08,15.0,30,1,1
100260,54026.399999999994,5.0,10,2,0
100261,29412.71,5.0,10,1,0
100262,577.08,30.0,30,1,1
100263,30941.55,1.6666666666666667,5,1,0
100264,15559.86,15.0,30,1,1
100265,16365.54,0.0,0,0,0
100266,48503.97,8.0,30,3,1
100268,37797.350000000006,2.5,5,2,0
100269,39855.53,5.0,10,2,0
100270,21836.879999999997,20.0,30,2,1
100271,12180.84,10.0,10,1,0
100272,9111.79,5.0,5,1,0
100273,32057.690000000002,7.5,15,1,0
100274,8872.85,10.0,10,1,0
100275,21602.03,15.0,30,1,1
100276,54483.71,5.0,10,3,0
100277,4855.75,15.0,30,1,1
100278,27872.989999999998,9.0,30,3,1
100279,31803.56,8.333333333333334,15,2,0
100280,11744.35,8.75,30,2,1
100281,24878.59,7.5,15,1,0
100282,28846.96,0.0,0,0,0
100283,17857.0,0.0,0,0,0
100284,29988.22,5.0,10,2,0
100285,18979.97,5.0,10,1,0
100286,5574.19,0.0,0,0,0
100287,30847.16,6.666666666666667,10,3,0
100288,5782.85,10.0,10,1,0
100289,7499.610000000001,15.0,30,1,1
100290,19969.21,0.0,0,0,0
100291,27151.9,8.333333333333334,15,2,0
100292,6965.12,0.0,0,0,0
100293,17415.97,7.5,15,1,0
100294,78732.23,9.166666666666666,30,4,1
100295,15162.529999999999,0.0,0,0,0
100296,12080.49,0.0,0,0,0
100297,20139.760000000002,10.0,15,2,0
100298,40371.39,7.5,30,1,1
100299,26274.32,15.0,30,1,1
100300,23458.480000000003,2.5,5,1,0
100301,14428.89,0.0,0,0,0
100302,6973.47,0.0,0,0,0
100305,38401.75,8.333333333333334,15,2,0
100306,19356.47,0.0,0,0,0
100307,23914.23,8.75,15,3,0
100308,13973.6,2.5,5,1,0
100310,11029.36,0.0,0,0,0
100312,35855.0,0.0,0,0,0
100313,18848.64,20.0,30,2,1
100314,34381.15,15.0,30,1,1
100315,44434.53,11.25,30,3,1
100316,52212.96,7.0,15,3,0
100317,1138.56,0.0,0,0,0
100318,33858.82,7.5,10,2,0
100319,24874.77,3.3333333333333335,10,1,0
100320,58169.29,9.166666666666666,30,3,1
100321,29875.879999999997,0.0,0,0,0
100322,28779.760000000002,2.5,5,1,0
100325,44256.5,2.5,5,2,0
100326,13621.21,0.0,0,0,0
100327,47465.52,21.0,30,4,3
100328,55341.42,6.0,10,3,0
100329,51820.36,11.666666666666666,30,5,1
100330,58108.29,3.3333333333333335,10,3,0
100332,42977.94,5.0,15,1,0
100333,25186.239999999998,8.333333333333334,15,2,0
100334,35148.31,5.0,15,1,0
100335,22221.379999999997,20.0,30,2,1
100336,16919.64,6.666666666666667,15,2,0
100337,14608.43,17.5,30,2,1
100339,63364.35,7.0,10,4,0
100340,26112.64,3.3333333333333335,5,2,0
100341,18448.66,3.3333333333333335,10,1,0
100342,8486.68,15.0,30,1,1
100343,46366.020000000004,3.3333333333333335,10,1,0
100344,25069.04,5.0,10,1,0
100346,6790.3,0.0,0,0,0
100347,6149.18,0.0,0,0,0
100348,17648.18,0.0,0,0,0
100349,36834.7,15.0,30,1,1
100350,17606.09,2.5,5,1,0
100351,26929.68,20.0,30,2,1
100352,30944.5,22.5,30,2,1
100354,55962.58,9.0,30,3,1
100355,17224.51,17.5,30,2,1
100356,25695.660000000003,5.0,10,1,0
100357,35674.57,7.5,15,1,0
100358,39351.52,3.3333333333333335,10,1,0
100359,50983.24,5.0,10,2,0
100360,36172.58,8.333333333333334,15,2,0
100361,35466.37,15.0,30,1,1
100362,17392.97,1.6666666666666667,5,1,0
100364,23820.239999999998,2.5,10,1,0
100365,17666.67,0.0,0,0,0
100366,9017.07,17.5,30,2,1
100367,69824.26,14.166666666666666,30,4,2
100368,15408.2,10.0,15,2,0
100369,14342.85,30.0,30,1,1
100370,15971.18,10.0,10,1,0
100371,18864.8,0.0,0,0,0
100372,27642.65,22.5,30,2,1
100373,13600.2,2.5,5,1,0
100374,45707.770000000004,11.666666666666666,15,3,0
100375,15292.62,30.0,30,1,1
100376,28237.58,8.333333333333334,15,2,0
100377,45023.56,3.75,5,3,0
100379,17123.11,10.0,10,1,0
100380,29999.18,13.333333333333334,30,2,1
100381,48032.38,7.5,30,1,1
100383,4214.23,10.0,30,1,1
100384,66551.63,17.0,30,5,2
100385,60577.13,11.0,30,3,1
100386,73034.3,12.857142857142858,30,6,1
100387,38757.79,5.0,15,1,0
100388,26109.36,7.5,30,1,1
100389,7081.86,0.0,0,0,0
100390,22511.79,0.0,0,0,0
100391,50785.259999999995,1.25,5,1,0
100392,19627.690000000002,2.5,5,1,0
100393,46086.020000000004,5.0,10,3,0
100394,1269.31,30.0,30,1,1
100395,8241.78,10.0,10,1,0
100396,29755.15,0.0,0,0,0
100397,22287.9,15.0,30,1,1
100398,49725.53,11.0,30,3,1
100399,12809.08,0.0,0,0,0
100401,11869.53,5.0,5,1,0
100402,17020.26,30.0,30,1,1
100403,32038.48,11.666666666666666,30,2,1
100404,28184.910000000003,25.0,30,3,2
100405,18675.17,30.0,30,1,1
100406,12732.85,20.0,30,2,1
100407,26670.25,5.0,10,2,0
100408,16837.559999999998,5.0,10,1,0
100410,34971.71,3.75,10,2,0
100411,58964.11,17.5,30,3,2
100412,15121.37,5.0,5,1,0
100413,13193.99,12.5,15,2,0
100414,25176.510000000002,30.0,30,2,2
100415,38695.52,23.75,30,4,3
100416,46172.86,10.0,15,4,0
100417,38360.19,11.25,30,2,1
100418,5597.97,22.5,30,2,1
100419,17879.31,5.0,5,1,0
100420,37480.53,6.666666666666667,15,2,0
100421,12039.84,6.666666666666667,15,2,0
100422,28641.44,21.666666666666668,30,3,2
100423,42113.05,0.0,0,0,0
100424,8472.79,30.0,30,1,1
100425,29671.329999999998,1.6666666666666667,5,1,0
100426,59785.62,10.0,30,3,1
100427,23968.66,6.666666666666667,15,2,0
100428,9506.65,7.5,10,2,0
100429,11150.029999999999,22.5,30,2,1
100430,32266.02,10.0,30,1,1
100431,15534.720000000001,1.6666666666666667,5,1,0
100432,23000.77,7.5,10,2,0
100433,21548.55,10.0,15,2,0
100434,6855.6,15.0,15,1,0
100435,2873.7,0.0,0,0,0
100436,22258.56,5.0,10,1,0
100437,18736.36,0.0,0,0,0
100438,16843.42,2.5,5,1,0
100439,12517.76,15.0,30,1,1
100440,17234.629999999997,7.5,10,2,0
100441,25960.59,0.0,0,0,0
100442,54661.520000000004,11.25,30,2,1
100443,5947.26,10.0,10,1,0
100444,22169.27,0.0,0,0,0
100445,12508.24,15.0,15,1,0
100446,6734.32,5.0,5,1,0
100447,16010.14,0.0,0,0,0
100448,31871.21,8.333333333333334,15,2,0
100449,36480.17999999999,5.0,10,2,0
100450,29528.379999999997,6.666666666666667,10,3,0
100451,29452.08,8.333333333333334,15,2,0
100452,37959.8,8.333333333333334,15,3,0
100453,18431.68,12.5,15,2,0
100454,9721.28,0.0,0,0,0
100455,58822.15,11.25,30,3,1
100456,26250.309999999998,20.0,30,2,2
100457,35926.71,3.3333333333333335,10,1,0
100458,5406.59,30.0,30,1,1
100459,40138.71,5.0,15,1,0
100460,15498.78,10.0,10,1,0
100461,29412.46,18.333333333333332,30,3,1
100462,7958.98,0.0,0,0,0
100463,10870.01,0.0,0,0,0
100464,18433.22,30.0,30,1,1
100465,40280.2,8.75,30,2,1
100466,63296.9,9.0,30,3,1
100467,27220.79,30.0,30,2,2
100468,17844.12,20.0,30,2,1
100470,39161.45,5.0,15,2,0
100471,32823.01,10.0,15,3,0
100472,62830.97,10.0,30,4,1
100473,24897.39,20.0,30,2,1
100474,51733.76,7.5,30,3,1
100475,32118.06,1.6666666666666667,5,1,0
100476,54260.84,8.0,15,4,0
100477,5322.13,5.0,5,1,0
100478,9350.67,5.0,5,1,0
100479,904.19,0.0,0,0,0
100480,39515.130000000005,8.75,15,3,0
100481,7283.34,10.0,10,1,0
100482,11986.11,5.0,10,1,0
100483,36186.17,10.0,30,2,1
100484,23187.77,13.333333333333334,15,3,0
100485,16284.37,0.0,0,0,0
100486,52540.0,13.75,30,3,1
100487,9664.14,5.0,10,1,0
100488,35466.22,5.0,15,1,0
100489,38503.44,7.0,30,2,1
100491,36405.57,3.0,15,1,0
100492,37053.8,1.25,5,1,0
100494,23388.949999999997,7.5,15,1,0
100495,6258.28,5.0,5,1,0
100496,32463.2,7.5,15,1,0
100497,37285.51,10.0,15,2,0
100498,55268.869999999995,5.0,15,2,0
100499,2823.93,10.0,10,1,0
100500,7140.93,10.0,10,1,0
100501,26585.18,2.5,5,1,0
100502,4505.28,5.0,5,1,0
100503,2118.81,10.0,10,1,0
100504,31244.67,8.333333333333334,15,2,0
100505,6064.11,15.0,15,1,0
100506,39828.64,13.333333333333334,30,2,1
100508,36568.16,15.0,30,2,1
100509,13513.0,5.0,15,1,0
100510,26895.21,15.0,30,1,1
100511,73510.33,3.3333333333333335,10,3,0
100513,43375.58,25.0,30,3,2
100514,14069.859999999999,0.0,0,0,0
100515,40268.01,4.0,10,3,0
100516,39705.2,8.333333333333334,10,3,0
100518,17736.86,0.0,0,0,0
100520,4610.35,30.0,30,1,1
100521,49512.35,12.5,30,3,1
100522,29739.82,8.333333333333334,10,3,0
100523,39732.259999999995,11.666666666666666,30,2,1
100524,33384.49,15.0,30,3,1
100525,30352.760000000002,0.0,0,0,0
100526,40507.18,11.25,15,4,0
100527,32755.46,11.666666666666666,30,2,1
100528,28724.26,10.0,15,2,0
100529,19121.71,7.5,10,2,0
100530,44718.35,1.25,5,1,0
100531,13461.56,15.0,15,1,0
100534,64031.69,8.0,15,4,0
100535,57305.57,9.0,30,3,1
100536,30197.510000000002,0.0,0,0,0
100537,52708.06,0.0,0,0,0
100539,14697.619999999999,0.0,0,0,0
100541,53584.46,1.0,5,1,0
100542,16946.95,0.0,0,0,0
100543,29560.549999999996,15.0,30,1,1
100544,24606.23,15.0,30,1,1
100545,13916.710000000001,2.5,5,1,0
100546,11080.77,10.0,15,2,0
100547,31927.65,1.6666666666666667,5,1,0
100548,46085.52,10.0,30,2,2
100549,62185.71,10.0,30,3,1
100550,53990.06,15.0,30,4,1
100551,33394.34,10.0,30,1,1
100552,34728.240000000005,16.25,30,3,2
100553,30970.15,12.5,15,2,0
100554,51753.64,8.75,30,2,1
100555,19288.07,22.5,30,2,1
100556,79066.36,12.0,30,2,2
100557,29409.809999999998,11.666666666666666,30,2,1
100558,27814.75,15.0,30,4,1
100559,13713.23,0.0,0,0,0
100561,16899.97,5.0,10,1,0
100562,50609.16,8.75,30,2,1
100563,23141.62,5.0,10,2,0
100564,53533.59,11.0,30,3,1
100565,20265.890000000003,10.0,15,2,0
100566,82310.8,7.857142857142857,30,3,1
100567,38677.59,10.0,30,3,1
100568,17076.739999999998,7.5,10,2,0
100569,9854.65,15.0,30,1,1
100570,53952.909999999996,1.0,5,1,0
100571,22470.54,5.0,10,1,0
100572,10736.54,0.0,0,0,0
100573,13343.08,30.0,30,1,1
100574,31706.89,0.0,0,0,0
100575,13207.49,30.0,30,1,1
100576,35193.32,10.0,30,4,1
100578,12976.81,10.0,10,1,0
100579,33249.23,13.75,30,3,1
100580,19184.45,15.0,30,2,2
100581,29779.440000000002,0.0,0,0,0
100582,19434.44,0.0,0,0,0
100583,27022.78,3.3333333333333335,10,1,0
100584,32917.78,0.0,0,0,0
100585,20792.32,15.0,15,2,0
100586,29589.51,0.0,0,0,0
100587,9082.71,3.3333333333333335,5,2,0
100588,45734.68,6.666666666666667,15,2,0
100589,18355.01,15.0,15,1,0
100590,21303.050000000003,0.0,0,0,0
100591,40161.68,5.0,10,2,0
100592,15372.52,5.0,5,2,0
100593,18173.46,22.5,30,2,1
100594,41628.43,7.5,15,3,0
100595,23502.62,2.5,5,1,0
100596,53037.020000000004,6.0,15,3,0
100597,22141.160000000003,7.5,10,2,0
100598,31551.83,15.0,15,2,0
100599,55115.1,8.0,15,3,0
100600,44696.45,11.666666666666666,15,3,0
100601,51718.86,0.0,0,0,0
100602,36615.14,0.0,0,0,0
100603,6604.92,30.0,30,1,1
100604,21903.28,10.0,15,2,0
100605,66324.1,5.833333333333333,30,2,1
100607,30442.23,12.0,30,3,1
100609,36778.909999999996,8.75,15,3,0
100610,33774.2,10.0,10,2,0
100611,9573.02,10.0,10,1,0
100612,49732.5,10.0,30,5,1
100613,9786.37,5.0,5,1,0
100614,31007.489999999998,20.0,30,2,1
100615,64262.17,15.0,30,3,1
100617,22305.300000000003,11.666666666666666,30,2,1
100618,71149.07,15.0,30,5,2
100619,15040.47,5.0,15,1,0
100620,35586.46,22.5,30,2,1
100621,37324.78,20.0,30,2,2
100622,16354.77,15.0,15,1,0
100623,52310.85,0.0,0,0,0
100624,14969.86,30.0,30,1,1
100625,13309.87,0.0,0,0,0
100626,47404.17,1.0,5,1,0
100627,28207.36,6.25,15,2,0
100628,35634.95,21.0,30,4,3
100630,87430.12,8.571428571428571,30,4,1
100631,25185.25,7.5,15,1,0
100632,12610.44,7.5,15,1,0
100633,33056.62,16.666666666666668,30,3,1
100634,32249.88,15.0,30,1,1
100636,14343.61,15.0,15,1,0
100637,28444.79,7.5,15,1,0
100638,54236.740000000005,5.0,15,2,0
100639,33669.67,23.333333333333332,30,3,2
100640,14376.5,15.0,15,1,0
100641,39083.55,2.5,10,1,0
100642,62490.97,3.3333333333333335,15,2,0
100643,15493.76,10.0,10,1,0
100644,12603.38,15.0,15,1,0
100645,45783.229999999996,12.0,30,5,1
100646,27024.46,15.0,30,1,1
100647,12890.75,15.0,30,1,1
100648,24380.47,20.0,30,2,2
100649,2612.38,5.0,5,1,0
100650,656.63,30.0,30,1,1
100651,20180.989999999998,5.0,10,2,0
100652,25374.760000000002,7.5,30,1,1
100653,1858.81,5.0,5,1,0
100654,36460.049999999996,8.75,15,3,0
100655,83298.25,6.0,15,3,0
100656,52939.54,5.0,15,2,0
100657,25944.66,15.0,15,2,0
100658,10894.52,30.0,30,1,1
100659,26163.84,11.666666666666666,30,2,1
100660,14424.79,5.0,5,1,0
100663,84014.65000000001,0.8333333333333334,5,1,0
100664,25409.379999999997,2.5,5,2,0
100665,21318.85,7.5,15,1,0
100666,56449.92,10.0,30,3,1
100667,4398.16,10.0,10,1,0
100668,14709.25,5.0,10,1,0
100669,33976.509999999995,20.0,30,2,1
100670,75865.42,5.0,15,2,0
100671,28691.47,16.25,30,4,1
100672,13491.83,0.0,0,0,0
100673,11935.800000000001,15.0,30,1,1
100675,25598.39,10.0,30,1,1
100676,36602.71,13.333333333333334,30,2,1
100677,33879.83,23.333333333333332,30,3,2
100678,39653.38,13.75,30,3,1
100679,31431.03,2.5,5,1,0
100680,13723.7,5.0,5,1,0
100681,24520.010000000002,10.0,15,2,0
100682,14388.76,7.5,10,2,0
100683,40669.630000000005,1.6666666666666667,5,1,0
100684,20936.33,15.0,30,2,1
100685,31805.27,15.0,30,3,1
100686,4189.04,10.0,10,1,0
100687,81164.35,12.857142857142858,30,6,1
100688,49198.03,11.25,30,2,1
100690,10432.09,0.0,0,0,0
100691,24217.909999999996,17.5,30,2,1
100692,27905.86,3.3333333333333335,10,1,0
100693,28592.039999999997,7.5,15,3,0
100694,37223.71,9.0,30,2,1
100695,19238.1,10.0,10,2,0
100696,7080.86,10.0,10,1,0
100697,38249.380000000005,12.5,30,3,1
100698,15770.329999999998,15.0,30,1,1
100699,44190.270000000004,3.3333333333333335,10,1,0
100700,4382.06,10.0,10,1,0
100701,29594.440000000002,5.0,10,1,0
100702,8584.099999999999,3.3333333333333335,10,1,0
100703,45040.4,8.75,30,2,1
100704,15088.66,15.0,15,1,0
100705,33278.2,8.333333333333334,15,2,0
100706,12005.82,15.0,15,1,0
100707,11431.73,10.0,10,1,0
100708,66126.39,5.833333333333333,10,4,0
100709,7693.33,0.0,0,0,0
100710,11300.619999999999,2.5,5,1,0
100711,35582.35,23.333333333333332,30,3,2
100712,3164.6099999999997,12.5,15,2,0
100713,62032.780000000006,3.75,10,2,0
100714,16972.46,0.0,0,0,0
100715,30136.489999999998,7.5,15,1,0
100716,6160.07,0.0,0,0,0
100717,24792.510000000002,5.0,10,1,0
100718,29900.739999999998,7.5,15,1,0
100719,21650.47,7.5,15,1,0
100720,15901.18,5.0,5,1,0
100722,26861.739999999998,7.5,10,2,0
100723,6408.75,7.5,15,1,0
100725,14448.53,0.0,0,0,0
100726,942.77,0.0,0,0,0
100727,20104.64,5.0,10,1,0
100728,34585.18,20.0,30,2,2
100729,37459.49,13.75,30,3,1
100730,48550.35,3.75,10,2,0
100731,39788.590000000004,3.3333333333333335,5,2,0
100732,93466.21,8.125,30,5,1
100734,23716.42,2.5,5,1,0
100735,31579.050000000003,0.0,0,0,0
100736,73292.66,6.428571428571429,15,4,0
100737,16671.4,0.0,0,0,0
100738,44606.56,11.25,15,3,0
100739,32662.72,8.75,30,2,1
100740,10691.59,5.0,5,1,0
100741,39608.899999999994,6.25,15,3,0
100743,41259.75,3.3333333333333335,10,1,0
100744,35951.06,7.5,30,1,1
100745,28731.16,0.0,0,0,0
100746,44364.369999999995,12.5,30,3,1
100747,19629.0,30.0,30,1,1
100748,15829.93,10.0,10,1,0
100749,19683.18,5.0,10,1,0
100750,14146.87,5.0,15,1,0
100751,18696.14,0.0,0,0,0
100752,41983.97,1.6666666666666667,5,1,0
100753,7016.45,15.0,15,1,0
100754,55276.03,9.166666666666666,30,3,1
100755,9511.8,0.0,0,0,0
100756,23493.54,15.0,15,3,0
100757,21044.65,8.333333333333334,15,3,0
100758,15880.17,0.0,0,0,0
100759,15121.29,0.0,0,0,0
100760,58615.94,12.5,30,3,1
100761,64760.520000000004,8.0,30,3,1
100763,57101.46,15.0,30,4,2
100764,42358.509999999995,10.0,30,2,1
100765,10589.460000000001,12.5,15,2,0
100766,47826.26,4.0,10,2,0
100767,4669.53,0.0,0,0,0
100768,26966.690000000002,1.6666666666666667,5,1,0
100769,44378.36,10.0,15,2,0
100770,10129.16,10.0,10,1,0
100771,9415.23,5.0,5,1,0
100772,22722.09,15.0,30,1,1
100773,25962.84,2.5,5,1,0
100774,49213.7,10.0,30,3,1
100775,23091.42,10.0,15,2,0
100776,35495.770000000004,20.0,30,2,1
100777,20343.239999999998,7.5,15,1,0
100778,26964.6,15.0,30,2,1
100779,16799.47,10.0,10,1,0
100780,4578.82,30.0,30,1,1
100781,62935.25,11.25,15,4,0
100782,26592.55,12.5,15,2,0
100783,27508.11,15.0,30,3,1
100785,30488.34,5.0,15,1,0
100786,38842.46,12.0,30,2,2
100788,7762.53,5.0,5,1,0
100789,35011.4,10.0,10,2,0
100790,4152.12,30.0,30,1,1
100791,20623.98,10.0,30,1,1
100792,47978.850000000006,5.0,30,1,1
100794,3346.16,15.0,15,1,0
100795,38069.06,22.5,30,3,3
100796,43907.83,11.666666666666666,30,2,1
100797,25541.800000000003,1.6666666666666667,5,1,0
100798,2667.12,0.0,0,0,0
100800,24640.8,20.0,30,2,2
100801,22118.4,8.333333333333334,15,2,0
100802,43352.24,8.333333333333334,15,3,0
100803,4417.83,5.0,5,1,0
100805,40860.79,11.666666666666666,30,2,1
100807,12941.73,30.0,30,1,1
100808,20828.08,10.0,30,1,1
100809,38497.81,11.25,30,2,1
100810,3486.6,15.0,15,1,0
100811,51269.93,10.0,30,3,1
100812,15063.55,22.5,30,2,1
100814,11078.080000000002,5.0,10,1,0
100815,15780.64,10.0,30,1,1
100816,41449.409999999996,6.0,15,3,0
100818,17977.29,7.5,15,1,0
100819,34448.619999999995,11.666666666666666,30,2,1
100820,26444.32,1.25,5,1,0
100821,73222.95,7.0,30,2,1
100822,25973.24,22.5,30,2,1
100823,29578.489999999998,18.333333333333332,30,3,1
100825,45054.590000000004,15.0,30,3,1
100826,23604.17,5.0,10,1,0
100828,19712.699999999997,10.0,15,3,0
100829,33744.08,11.666666666666666,30,2,1
100830,30467.32,12.5,15,2,0
100831,27164.78,11.25,30,3,1
100832,14206.94,2.5,5,1,0
100833,31553.99,7.5,30,1,1
100834,35441.68,13.75,30,4,1
100835,32109.79,3.3333333333333335,5,2,0
100836,13055.49,15.0,30,1,1
100837,16559.0,15.0,15,1,0
100838,50062.39,1.6666666666666667,5,1,0
100839,41918.0,2.5,10,1,0
100840,32129.399999999998,21.666666666666668,30,3,2
100841,49111.41,15.0,30,2,2
100843,27306.03,6.666666666666667,15,2,0
100844,14933.39,0.0,0,0,0
100845,31199.229999999996,13.333333333333334,30,2,1
100846,23801.99,7.5,10,2,0
100847,2519.28,15.0,15,1,0
100848,68393.33,11.0,30,4,1
100849,16742.83,15.0,30,2,1
100850,22651.9,22.5,30,2,1
100851,17278.48,10.0,15,3,0
100852,28452.82,0.0,0,0,0
100853,10814.16,0.0,0,0,0
100854,32327.739999999998,8.75,30,2,1
100855,30746.58,13.333333333333334,15,3,0
100856,13261.24,10.0,10,2,0
100857,18670.75,0.0,0,0,0
100858,2122.11,0.0,0,0,0
100859,19040.190000000002,0.0,0,0,0
100860,6914.31,30.0,30,1,1
100861,59290.84,3.3333333333333335,15,2,0
100862,25278.03,13.75,30,4,1
100863,14133.460000000001,13.333333333333334,30,2,1
100864,59654.100000000006,24.0,30,4,4
100865,40619.740000000005,11.666666666666666,15,3,0
100867,19913.579999999998,10.0,30,1,1
100868,37942.5,5.0,15,1,0
100870,14830.76,5.0,10,1,0
100871,9643.03,2.5,5,1,0
100872,36994.8,8.75,15,3,0
100873,24287.57,7.5,30,1,1
100874,45897.57,10.0,30,1,1
100875,20028.07,2.5,5,1,0
100876,1815.14,10.0,10,1,0
100877,22888.399999999998,2.5,5,1,0
100878,19254.36,5.0,10,1,0
100879,8363.22,5.0,5,1,0
100880,20195.4,10.0,15,2,0
100882,20650.91,0.0,0,0,0
100883,88051.45,2.857142857142857,15,2,0
100884,3571.52,30.0,30,1,1
100885,17224.15,12.5,30,4,1
100886,14761.47,5.0,5,1,0
100887,46432.91,7.5,15,3,0
100888,47863.469999999994,2.5,5,2,0
100889,30686.28,8.333333333333334,15,2,0
100891,33615.46,11.25,30,2,1
100892,25328.97,0.0,0,0,0
100893,51934.119999999995,12.5,30,3,1
100894,19082.85,0.0,0,0,0
100895,44569.2,10.0,30,3,1
100896,44813.35,11.666666666666666,30,2,1
100897,15682.189999999999,15.0,30,1,1
100898,22814.41,5.0,15,1,0
100899,18414.33,13.75,30,3,1
100900,19808.1,17.5,30,2,1
100901,8100.13,10.0,10,1,0
100902,3634.7,0.0,0,0,0
100903,36307.31,1.6666666666666667,5,1,0
100904,51933.07,15.0,30,2,1
100905,36076.97,0.0,0,0,0
100906,50873.68,6.666666666666667,15,2,0
100907,6984.0,30.0,30,1,1
100908,26996.07,8.333333333333334,15,3,0
100909,4251.35,5.0,5,1,0
100910,11456.94,0.0,0,0,0
100911,28135.67,10.0,15,3,0
100912,12903.78,5.0,5,1,0
100915,46789.11,11.666666666666666,30,2,1
100916,10343.8,5.0,5,1,0
100917,33218.479999999996,7.5,15,2,0
100918,69506.34,3.5714285714285716,15,2,0
100919,60882.23,8.333333333333334,15,4,0
100920,15283.32,30.0,30,1,1
100921,61592.14,17.0,30,5,2
100922,35036.9,15.0,30,2,2
100923,16894.72,7.5,10,2,0
100924,22025.43,1.6666666666666667,5,1,0
100925,20838.489999999998,15.0,30,1,1
100926,15469.57,10.0,10,1,0
100928,56599.97,6.25,15,3,0
100929,48484.08,3.75,10,2,0
100930,2496.08,10.0,10,1,0
100931,3823.07,0.0,0,0,0
100933,21256.92,5.0,10,1,0
100934,39580.7,20.0,30,2,2
100935,25286.36,7.5,15,1,0
100936,23946.75,5.0,15,1,0
100937,3466.06,15.0,15,1,0
100938,24235.13,7.5,15,1,0
100940,48565.03,6.0,15,3,0
100941,31678.769999999997,17.5,30,2,1
100942,59893.55,7.5,15,3,0
100943,18482.38,2.5,5,1,0
100945,29337.5,3.3333333333333335,10,1,0
100946,12569.039999999999,15.0,30,2,1
100947,34604.37,11.666666666666666,15,3,0
100949,13432.07,10.0,15,2,0
100950,45053.83,2.5,10,1,0
100951,8735.1,0.0,0,0,0
100952,23370.480000000003,20.0,30,2,2
100954,31186.15,15.0,30,1,1
100955,26338.980000000003,2.5,5,1,0
100956,19858.71,2.5,5,1,0
100957,4771.1,10.0,10,1,0
100959,21926.62,1.6666666666666667,5,1,0
100960,48838.98,16.25,30,4,1
100961,9591.79,1.6666666666666667,5,1,0
100962,12005.94,0.0,0,0,0
100963,23852.82,10.0,15,2,0
100964,29533.82,0.0,0,0,0
100965,2989.18,30.0,30,1,1
100966,12510.3,15.0,15,1,0
100967,40828.29,15.0,30,2,2
100968,24063.57,1.6666666666666667,5,1,0
100969,81028.43,7.142857142857143,15,5,0
100970,19844.21,10.0,10,1,0
100971,14578.71,17.5,30,2,1
100972,9982.77,0.0,0,0,0
100973,18306.66,15.0,15,1,0
100974,57339.66,2.0,5,2,0
100976,33671.71,5.0,15,2,0
100978,67411.05,6.666666666666667,30,3,1
100979,16762.12,0.0,0,0,0
100980,14872.81,0.0,0,0,0
100981,15355.11,5.0,10,1,0
100982,20083.5,1.6666666666666667,5,1,0
100983,32990.24,15.0,30,1,1
100984,10522.74,10.0,15,2,0
100985,21364.55,30.0,30,2,2
100986,34692.21,17.5,30,2,1
100987,12874.68,5.0,10,2,0
100988,9932.59,0.0,0,0,0
100989,47731.79,8.75,30,2,1
100990,24207.29,10.0,30,1,1
100991,10936.25,0.0,0,0,0
100992,1743.82,0.0,0,0,0
100993,36400.49,8.333333333333334,15,2,0
100994,37413.1,30.0,30,3,3
100995,5923.44,30.0,30,1,1
100996,21008.26,15.0,30,1,1
100997,29635.979999999996,15.0,30,1,1
100998,6122.54,0.0,0,0,0
100999,19364.8,7.5,15,1,0
101000,22998.86,20.0,30,2,1
101001,90007.43,8.571428571428571,30,5,1
101002,1135.42,0.0,0,0,0
101003,31167.910000000003,0.0,0,0,0
101004,39719.28,20.0,30,4,3
101005,39326.090000000004,6.0,30,1,1
101006,2534.58,0.0,0,0,0
101007,20685.07,0.0,0,0,0
101008,17316.72,0.0,0,0,0
101009,21720.190000000002,2.5,5,1,0
101010,28068.980000000003,5.0,10,1,0
101011,57192.29,13.75,30,3,1
101014,29648.420000000002,1.6666666666666667,5,1,0
101016,42524.39,8.75,15,3,0
101017,31562.079999999998,16.666666666666668,30,3,1
101018,15901.07,6.666666666666667,15,2,0
101019,16574.89,7.5,10,2,0
101020,35591.75,14.0,30,3,2
101021,53018.41,10.0,30,4,1
101022,32824.46,17.5,30,2,1
101023,27672.57,0.0,0,0,0
101024,18543.39,0.0,0,0,0
101025,33677.32,15.0,30,2,2
101026,12271.7,5.0,10,1,0
101027,20962.719999999998,5.0,10,1,0
101028,22390.5,10.0,15,2,0
101029,37160.0,8.75,30,2,1
101030,7466.57,0.0,0,0,0
101031,30648.74,3.3333333333333335,10,1,0
101033,31779.23,4.0,10,2,0
101034,47646.729999999996,11.666666666666666,30,2,1
101035,40678.55,8.75,30,2,1
101036,29088.96,30.0,30,2,2
101037,1855.85,0.0,0,0,0
101038,44014.18,6.25,15,3,0
101040,12367.05,10.0,10,1,0
101041,26183.9,0.0,0,0,0
101042,28011.68,0.0,0,0,0
101043,8987.62,0.0,0,0,0
101044,1130.39,0.0,0,0,0
101045,5380.2,0.0,0,0,0
101046,40698.8,18.0,30,3,3
101047,22960.66,12.5,15,2,0
101048,42488.55,6.666666666666667,30,2,1
101050,2667.16,0.0,0,0,0
101051,15335.42,1.6666666666666667,5,1,0
101052,36002.5,2.5,5,1,0
101053,16131.93,0.0,0,0,0
101054,2358.55,10.0,10,1,0
101055,28826.89,22.5,30,2,1
101056,31260.46,6.666666666666667,10,2,0
101057,16061.89,0.0,0,0,0
101059,23059.32,7.5,15,1,0
101060,32768.85,7.5,15,1,0
101061,50457.71,5.0,15,2,0
101063,40476.04,8.333333333333334,15,2,0
101064,4798.92,0.0,0,0,0
101065,16987.47,0.0,0,0,0
101066,59925.34,2.857142857142857,10,3,0
101067,9844.51,5.0,5,1,0
101068,29079.67,5.0,10,1,0
101069,41929.11,13.75,30,3,1
101070,41028.19,13.75,30,3,1
101071,58772.02,15.0,30,3,2
101072,36047.82,17.5,30,3,2
101073,1701.59,15.0,15,1,0
101074,41189.62,14.0,30,5,1
101075,11141.849999999999,7.5,15,1,0
101076,32889.15,5.0,5,2,0
101077,31719.78,15.0,30,1,1
101078,45181.33,10.833333333333334,30,4,1
101079,19345.94,0.0,0,0,0
101080,30975.269999999997,1.6666666666666667,5,1,0
101081,12225.54,0.0,0,0,0
101082,68694.77,3.0,10,2,0
101083,18728.489999999998,0.0,0,0,0
101084,50317.18,5.0,15,2,0
101085,66257.89,10.0,30,3,1
101086,39572.96,5.0,15,1,0
101087,19966.809999999998,5.0,10,2,0
101088,42287.18,1.6666666666666667,5,1,0
101089,11525.95,10.0,15,3,0
101090,60674.05,10.0,30,2,1
101091,5121.43,5.0,10,1,0
101092,34851.34,21.666666666666668,30,3,2
101093,48139.2,13.75,30,3,1
101094,32508.45,14.0,30,3,2
101095,5439.09,5.0,5,1,0
101097,29124.12,6.666666666666667,15,2,0
101098,27274.12,23.333333333333332,30,3,2
101099,37480.77,5.0,10,2,0
101100,25474.08,0.0,0,0,0
101101,5805.32,15.0,15,1,0
101102,16998.09,10.0,15,2,0
101103,39506.76,1.6666666666666667,5,1,0
101104,13914.44,5.0,5,1,0
101105,15596.63,1.6666666666666667,5,1,0
101106,32865.43,16.666666666666668,30,3,1
101107,47253.97,8.0,15,3,0
101109,15339.91,5.0,5,1,0
101110,17090.88,0.0,0,0,0
101111,41143.09,16.25,30,3,2
101112,55034.090000000004,2.0,10,1,0
101113,19138.85,15.0,15,1,0
101114,36478.83,11.666666666666666,30,2,1
101115,29328.18,0.0,0,0,0
101116,13895.18,8.333333333333334,15,2,0
101117,24981.0,15.0,30,1,1
101118,16479.57,30.0,30,1,1
101119,25734.23,7.5,15,1,0
101120,22245.64,8.75,30,2,1
101121,48226.71,6.25,10,3,0
101122,13946.800000000001,3.3333333333333335,10,1,0
101123,29212.030000000002,8.333333333333334,15,2,0
101124,32602.32,10.0,15,2,0
101125,43828.33,2.5,10,1,0
101126,13811.599999999999,2.5,10,1,0
101127,23975.72,1.25,5,1,0
101128,37197.91,3.75,10,2,0
101129,34784.7,3.3333333333333335,10,1,0
101130,46368.08,8.75,10,4,0
101131,14283.26,15.0,15,1,0
101132,47796.2,12.0,30,2,2
101133,10506.31,5.0,10,1,0
101134,34729.99,5.0,10,1,0
101135,34476.380000000005,16.666666666666668,30,3,1
101136,10699.58,0.0,0,0,0
101137,2292.94,30.0,30,1,1
101138,15286.39,3.3333333333333335,10,1,0
101139,33017.93,7.5,15,1,0
101140,5323.64,0.0,0,0,0
101141,18009.54,1.6666666666666667,5,1,0
101143,21836.29,15.0,30,1,1
101144,8298.09,10.0,15,2,0
101145,44307.270000000004,10.0,15,2,0
101146,23975.72,12.5,15,2,0
101147,13535.050000000001,10.0,15,2,0
101148,20698.449999999997,0.0,0,0,0
101149,65678.31,10.0,30,3,1
101150,1770.75,0.0,0,0,0
101151,21569.47,15.0,30,3,1
101152,7566.44,10.0,30,1,1
101153,8178.08,10.0,15,2,0
101154,4229.82,0.0,0,0,0
101155,12208.99,22.5,30,2,1
101156,60446.649999999994,5.0,10,4,0
101157,61890.990000000005,7.5,30,1,1
101158,32760.96,0.0,0,0,0
101159,10003.880000000001,0.0,0,0,0
101160,49581.829999999994,8.0,30,3,1
101161,14542.419999999998,15.0,15,2,0
101162,18120.81,5.0,10,1,0
101163,16422.65,0.0,0,0,0
101164,19787.18,5.0,5,1,0
101165,15868.55,8.333333333333334,15,2,0
101166,24856.36,2.5,5,1,0
101167,9654.85,0.0,0,0,0
101169,53671.17,5.0,10,3,0
101170,33876.48,20.0,30,2,1
101171,18829.46,0.0,0,0,0
101172,11887.060000000001,5.0,10,1,0
101173,39339.46,3.3333333333333335,10,1,0
101175,35000.44,15.0,30,2,1
101176,7331.72,0.0,0,0,0
101177,58952.63,13.571428571428571,30,7,2
101179,14940.78,0.0,0,0,0
101180,1319.86,10.0,10,1,0
101181,44394.26,12.5,30,3,1
101182,23251.96,17.5,30,2,1
101183,30627.79,11.25,30,2,1
101184,33234.59,17.5,30,2,1
101185,29477.33,12.5,15,4,0
101186,15227.97,0.0,0,0,0
101187,28831.239999999998,10.0,15,2,0
101188,20691.730000000003,0.0,0,0,0
101189,8551.6,0.0,0,0,0
101190,31145.33,15.0,15,2,0
101191,12626.490000000002,12.5,15,2,0
101192,16277.23,0.0,0,0,0
101193,5284.0599999999995,0.0,0,0,0
101194,57032.14,11.0,30,4,1
101195,15994.789999999999,7.5,15,1,0
101196,16810.15,0.0,0,0,0
101197,17425.18,22.5,30,2,1
101198,1204.93,5.0,5,1,0
101201,1263.51,15.0,15,1,0
101202,13163.29,22.5,30,2,1
101203,18427.71,0.0,0,0,0
101204,59395.189999999995,15.0,30,3,2
101205,36568.729999999996,5.0,10,2,0
101206,17863.739999999998,11.666666666666666,15,3,0
101207,7356.23,17.5,30,2,1
101208,18957.19,2.5,5,1,0
101210,11004.52,5.0,5,1,0
101211,38481.979999999996,3.75,15,1,0
101212,49774.07,6.25,15,2,0
101213,4253.1,0.0,0,0,0
101214,30476.4,17.5,30,2,1
101215,21862.14,15.0,30,1,1
101216,45049.56,7.5,30,1,1
101217,22870.55,22.5,30,2,1
101218,31708.59,22.5,30,2,1
101219,32882.88,2.5,5,1,0
101220,48462.64,15.0,30,3,2
101221,39531.84,5.0,10,2,0
101222,29949.8,15.0,30,3,1
101223,27415.73,0.0,0,0,0
101224,9179.97,0.0,0,0,0
101225,6439.32,30.0,30,1,1
101226,1839.24,0.0,0,0,0
101227,11731.56,30.0,30,1,1
101228,7504.41,0.0,0,0,0
101229,25965.34,7.5,15,1,0
101230,27730.550000000003,17.5,30,2,1
101231,34509.3,7.5,30,1,1
101232,8320.11,0.0,0,0,0
101233,29210.32,11.666666666666666,30,2,1
101234,1623.7,15.0,15,1,0
101235,41287.08,8.75,30,2,1
101236,42896.06,9.166666666666666,30,4,1
101237,18722.75,0.0,0,0,0
101239,14999.060000000001,2.5,5,1,0
101240,54647.1,3.75,5,3,0
101241,43992.52,2.5,5,2,0
101242,31875.61,15.0,30,1,1
101244,33315.24,8.75,15,3,0
101245,31386.260000000002,0.0,0,0,0
101246,26410.910000000003,2.5,5,1,0
101247,27730.92,9.166666666666666,30,3,1
101248,8094.76,20.0,30,2,1
101249,20587.63,0.0,0,0,0
101250,11367.47,15.0,15,1,0
101251,7025.42,22.5,30,2,1
101252,30542.870000000003,22.5,30,2,1
101253,32802.51,18.333333333333332,30,3,1
101254,41242.58,22.5,30,3,3
101255,12548.89,5.0,10,1,0
101257,21936.3,2.5,5,1,0
101258,36896.880000000005,5.0,15,1,0
101259,34922.49,8.75,15,3,0
101260,6530.66,5.0,5,1,0
101261,10659.2,10.0,10,2,0
101262,37029.51,7.5,15,3,0
101263,12549.68,15.0,30,1,1
101264,43698.85,18.0,30,4,2
101265,10228.75,30.0,30,2,2
101266,26774.36,5.0,10,2,0
101267,34394.92,8.75,30,2,1
101268,17365.32,0.0,0,0,0
101269,14898.82,22.5,30,2,1
101270,32425.699999999997,0.0,0,0,0
101271,17814.97,5.0,5,1,0
101272,25006.07,30.0,30,3,3
101274,11212.28,13.333333333333334,30,2,1
101276,24063.58,5.0,15,1,0
101277,48468.54,12.0,30,4,1
101278,47342.75,3.3333333333333335,10,1,0
101279,19277.7,7.5,15,1,0
101280,36340.66,13.333333333333334,30,2,1
101281,14201.59,22.5,30,2,1
101282,10845.85,0.0,0,0,0
101283,6619.05,0.0,0,0,0
101284,26757.55,20.0,30,2,1
101286,51828.73,3.75,10,2,0
101287,27366.04,2.5,5,1,0
101288,30997.550000000003,7.5,15,1,0
101289,8471.14,0.0,0,0,0
101290,24670.04,15.0,30,1,1
101291,15322.89,15.0,30,1,1
101292,35316.590000000004,11.0,30,3,1
101293,38255.95,1.25,5,1,0
101294,18828.82,0.0,0,0,0
101295,22776.66,15.0,30,1,1
101296,16360.84,5.0,10,1,0
101297,8430.67,5.0,10,1,0
101298,39807.4,5.0,15,1,0
101299,29791.03,15.0,30,1,1
101300,6154.47,15.0,15,1,0
101301,27363.31,5.0,5,3,0
101302,14226.24,10.0,10,1,0
101303,2078.27,10.0,10,1,0
101304,33678.29,11.666666666666666,30,2,1
101305,9754.15,0.0,0,0,0
101306,59371.47,0.0,0,0,0
101307,18271.61,0.0,0,0,0
101308,23129.97,3.3333333333333335,10,1,0
101309,22402.3,10.0,30,1,1
101310,4228.6,15.0,15,1,0
101311,46976.93,1.25,5,1,0
101312,22979.3,15.0,30,3,1
101313,20002.010000000002,0.0,0,0,0
101314,767.34,15.0,15,1,0
101315,8931.92,7.5,10,2,0
101316,42173.5,3.3333333333333335,15,2,0
101317,12168.39,10.0,10,1,0
101318,10797.1,0.0,0,0,0
101319,25641.15,0.0,0,0,0
101320,4917.62,10.0,10,1,0
101321,20776.51,2.5,5,1,0
101322,27094.7,5.0,10,1,0
101323,83537.41,13.571428571428571,30,6,1
101324,53639.17,13.0,30,4,1
101325,22104.69,6.666666666666667,10,3,0
101327,3408.38,0.0,0,0,0
101328,12198.529999999999,7.5,15,1,0
101329,31542.5,5.0,10,1,0
101330,56374.17,11.25,30,2,1
101331,17598.42,15.0,15,1,0
101332,23966.129999999997,3.3333333333333335,10,1,0
101333,13019.49,15.0,15,1,0
101334,23480.97,5.0,10,1,0
101335,11477.34,5.0,5,1,0
101336,25474.34,15.0,30,2,2
101337,1922.15,0.0,0,0,0
101338,57618.61,12.0,30,4,1
101339,12077.25,10.0,10,1,0
101340,47941.869999999995,6.25,15,3,0
101341,62616.01,6.0,15,3,0
101342,15692.51,0.0,0,0,0
101343,12054.13,0.0,0,0,0
101344,42908.93,3.75,10,2,0
101345,18194.19,0.0,0,0,0
101346,31666.91,20.0,30,2,1
101347,29317.43,6.666666666666667,15,2,0
101348,20696.59,0.0,0,0,0
101349,13347.08,0.0,0,0,0
101350,46780.07,7.5,30,1,1
101351,10722.18,15.0,15,1,0
101353,21386.85,10.0,30,1,1
101354,12056.95,10.0,10,1,0
101355,9023.17,13.333333333333334,30,2,1
101356,19590.03,30.0,30,1,1
101357,37003.64,1.25,5,1,0
101358,59263.72,3.0,5,3,0
101359,42301.21,12.0,30,3,1
101360,21148.77,15.0,30,2,1
101361,23603.100000000002,3.3333333333333335,10,1,0
101362,51553.53,11.25,30,2,1
101363,8028.09,0.0,0,0,0
101364,19185.13,30.0,30,1,1
101365,64464.8,17.857142857142858,30,6,3
101366,14706.880000000001,5.0,10,1,0
101367,22681.78,7.5,10,2,0
101368,28675.55,12.5,15,2,0
101369,10006.22,0.0,0,0,0
101370,14431.88,30.0,30,1,1
101371,40056.54,1.25,5,1,0
101372,11380.41,10.0,10,2,0
101373,74814.14,10.0,30,3,1
101374,20373.42,15.0,30,1,1
101375,9463.19,5.0,10,1,0
101376,17310.74,15.0,15,1,0
101377,17081.97,15.0,30,2,1
101378,44381.41,16.666666666666668,30,3,1
101379,8925.65,0.0,0,0,0
101380,24247.0,2.5,5,1,0
101381,9035.96,15.0,15,1,0
101382,1496.36,5.0,5,1,0
101383,58127.85,14.0,30,4,1
101384,17245.91,6.25,15,3,0
101385,5864.67,0.0,0,0,0
101386,1018.92,0.0,0,0,0
101387,7036.87,15.0,15,1,0
101388,42780.97,0.0,0,0,0
101390,10432.74,0.0,0,0,0
101391,20912.33,0.0,0,0,0
101392,11064.8,7.5,10,2,0
101394,28589.14,0.0,0,0,0
101395,53595.71,5.0,10,2,0
101396,28857.629999999997,5.0,15,1,0
101397,44558.85,5.0,15,2,0
101398,15832.27,5.0,10,1,0
101399,33526.02,12.5,15,2,0
101400,36320.37,13.333333333333334,30,2,1
101401,17750.11,10.0,15,2,0
101402,42502.97,8.75,15,3,0
101403,23352.19,5.0,15,1,0
101405,11152.14,0.0,0,0,0
101407,31300.71,7.5,15,1,0
101408,882.69,0.0,0,0,0
101409,22091.95,15.0,30,2,1
101410,19424.510000000002,0.0,0,0,0
101411,17565.89,0.0,0,0,0
101412,16175.34,5.0,10,1,0
101413,27169.6,8.333333333333334,10,3,0
101414,17542.57,2.5,5,1,0
101415,8528.29,10.0,10,1,0
101416,12567.81,10.0,10,1,0
101417,22848.010000000002,11.666666666666666,30,2,1
101418,20276.81,0.0,0,0,0
101419,57684.01,5.0,15,3,0
101421,20605.760000000002,7.5,15,1,0
101422,46896.99,10.0,30,4,1
101423,25979.88,0.0,0,0,0
101424,27721.34,5.0,10,1,0
101426,47824.39,5.0,10,2,0
101427,71877.4,11.666666666666666,30,3,2
101428,23350.480000000003,10.0,15,2,0
101429,38512.130000000005,10.0,10,3,0
101431,9038.33,0.0,0,0,0
101432,22310.739999999998,0.0,0,0,0
101433,31704.07,3.75,15,1,0
101434,48316.52,5.0,15,1,0
101435,46069.42,16.25,30,3,2
101436,43002.69,11.25,30,3,1
101437,66685.3,8.0,15,3,0
101438,16029.16,0.0,0,0,0
101439,46541.26,25.0,30,3,2
101441,19709.56,10.0,10,1,0
101443,40239.259999999995,2.0,5,2,0
101445,24284.14,7.5,15,1,0
101446,16778.39,5.0,5,1,0
101447,64177.47,6.0,30,1,1
101448,43995.56,3.75,15,1,0
101449,5013.92,0.0,0,0,0
101450,41850.17,15.0,30,3,1
101451,29546.44,10.0,30,1,1
101453,13121.41,0.0,0,0,0
101454,20563.030000000002,7.5,15,1,0
101455,21263.89,20.0,30,2,1
101456,46083.380000000005,11.25,15,4,0
101457,74735.79,9.285714285714286,30,5,1
101459,18172.95,15.0,30,1,1
101460,783.44,15.0,15,1,0
101461,49650.28,1.0,5,1,0
101462,17231.15,10.0,10,1,0
101463,51211.49,10.0,30,3,1
101464,26808.69,11.666666666666666,30,2,1
101465,24212.35,17.5,30,2,1
101466,41076.43,6.666666666666667,15,2,0
101467,13741.72,30.0,30,1,1
101468,3692.51,30.0,30,1,1
101469,8622.4,5.0,5,1,0
101470,25769.68,15.0,15,2,0
101471,19808.75,8.333333333333334,15,2,0
101472,44007.92,15.0,30,2,1
101473,12183.06,0.0,0,0,0
101474,30413.08,2.5,5,1,0
101475,12961.220000000001,15.0,30,1,1
101476,10700.85,15.0,15,1,0
101477,51768.1,12.5,30,3,1
101478,46239.25,17.0,30,5,1
101479,12467.43,0.0,0,0,0
101480,33352.07,10.0,15,3,0
101481,6583.55,0.0,0,0,0
101482,29952.739999999998,5.0,15,2,0
101483,11312.8,2.5,5,1,0
101484,3192.11,10.0,10,1,0
101485,11090.6,5.0,5,1,0
101486,12580.48,22.5,30,2,1
101487,17426.46,15.0,15,1,0
101488,20217.3,12.5,15,2,0
101489,30860.420000000002,22.5,30,2,1
101490,38862.15,12.5,30,3,1
101491,2656.5,10.0,10,1,0
101492,16664.0,30.0,30,1,1
101494,21608.7,16.666666666666668,30,3,1
101495,20303.04,0.0,0,0,0
101496,12846.779999999999,7.5,15,1,0
101497,20763.91,8.75,30,2,1
101498,13152.92,2.5,5,1,0
101499,12523.69,10.0,10,1,0
101500,5030.17,0.0,0,0,0
101501,31246.420000000002,5.0,10,3,0
101502,29860.120000000003,15.0,30,1,1
101503,15663.89,0.0,0,0,0
101504,21222.11,10.0,15,2,0
101505,19392.120000000003,3.75,15,1,0
101506,23763.22,8.333333333333334,15,2,0
101507,11231.21,2.5,5,1,0
101508,16198.53,10.0,10,1,0
101509,60737.549999999996,2.0,10,1,0
101510,32575.58,15.0,30,1,1
101511,11122.12,0.0,0,0,0
101512,53571.99,13.75,30,3,1
101513,52323.96,11.0,15,4,0
101514,15222.94,0.0,0,0,0
101515,10707.39,3.3333333333333335,10,1,0
101516,31319.46,3.3333333333333335,5,2,0
101517,41975.979999999996,10.0,30,1,1
101518,6216.16,15.0,15,1,0
101519,34919.9,15.0,30,2,1
101520,57036.3,13.0,30,3,2
101521,37194.54,11.25,30,3,1
101522,21064.77,3.3333333333333335,10,1,0
101523,15256.189999999999,0.0,0,0,0
101524,86193.1,12.5,30,5,2
101525,28494.18,8.333333333333334,15,2,0
101526,28853.0,25.0,30,3,2
101527,30206.93,11.25,30,2,1
101528,17391.91,2.5,5,1,0
101529,35336.89,17.5,30,2,1
101530,4477.389999999999,5.0,10,1,0
101531,67492.58,5.0,15,2,0
101532,25592.87,5.0,10,2,0
101533,14641.41,0.0,0,0,0
101534,51551.92,15.0,30,3,1
101535,35393.520000000004,5.0,10,2,0
101536,35545.64,13.333333333333334,30,2,1
101537,34688.24,25.0,30,4,3
101538,5873.56,15.0,15,1,0
101539,31323.93,7.5,30,1,1
101541,24642.809999999998,7.5,15,1,0
101542,51370.649999999994,5.0,10,2,0
101543,21272.73,5.0,10,1,0
101544,35084.53,2.5,10,1,0
101545,11644.62,15.0,15,1,0
101546,52531.56,12.5,30,3,1
101547,55373.62,15.0,30,2,2
101548,29739.550000000003,0.0,0,0,0
101549,1501.99,10.0,10,1,0
101550,63816.04,3.0,10,2,0
101551,13068.739999999998,6.666666666666667,15,2,0
101552,37476.380000000005,13.75,30,4,1
101553,1713.18,10.0,10,1,0
101554,13522.5,0.0,0,0,0
101555,25662.760000000002,15.0,30,1,1
101556,53308.42,10.0,30,4,1
101557,33329.07,3.3333333333333335,10,1,0
101558,81712.99,10.0,30,4,1
101559,20354.219999999998,2.5,10,1,0
101560,18512.43,2.5,5,1,0
101561,61399.38,3.0,10,2,0
101562,50702.11,11.0,30,4,1
101563,25301.52,5.0,10,2,0
101564,51882.19,3.75,15,1,0
101566,23122.91,5.0,10,1,0
101567,25907.72,5.0,10,1,0
101568,30424.739999999998,1.6666666666666667,5,1,0
101570,46438.34,6.666666666666667,10,2,0
101571,56624.55,6.25,15,2,0
101572,26787.12,5.0,15,1,0
101573,15534.740000000002,7.5,15,1,0
101574,18531.67,0.0,0,0,0
101575,57717.36,2.5,10,1,0
101576,19281.260000000002,5.0,10,1,0
101577,38589.49,7.5,10,3,0
101578,56558.130000000005,5.0,15,3,0
101579,12356.7,0.0,0,0,0
101580,17160.75,0.0,0,0,0
101582,30985.82,10.0,15,2,0
101584,2923.86,5.0,10,1,0
101585,20780.38,7.5,10,2,0
101586,11016.09,13.333333333333334,30,2,1
101587,3432.77,10.0,10,1,0
101588,34069.63,10.0,15,2,0
101589,9079.79,30.0,30,1,1
101590,16658.38,0.0,0,0,0
101591,14799.0,30.0,30,2,2
101592,48003.79,13.75,30,3,1
101593,38050.32000000001,15.0,30,2,2
101594,55798.53,4.166666666666667,15,3,0
101596,32867.52,30.0,30,2,2
101597,28988.37,6.666666666666667,15,2,0
101598,83253.5,11.875,30,5,2
101599,44754.42,2.5,10,1,0
101600,2995.23,0.0,0,0,0
101601,1061.57,0.0,0,0,0
101603,22499.69,15.0,30,2,1
101605,10836.78,0.0,0,0,0
101606,20974.37,7.5,15,1,0
101607,34427.29,5.0,10,2,0
101609,14764.65,30.0,30,1,1
101610,16330.21,30.0,30,1,1
101611,15010.579999999998,15.0,15,2,0
101613,57400.74,6.0,30,1,1
101614,67470.87,13.333333333333334,30,4,2
101615,15033.71,5.0,5,1,0
101616,34215.46,20.0,30,5,2
101617,40812.18,2.5,5,2,0
101618,40236.35,13.75,30,3,1
101619,7445.62,5.0,5,1,0
101621,19520.77,30.0,30,2,2
101622,26594.760000000002,8.333333333333334,15,3,0
101623,22621.21,0.0,0,0,0
101624,15291.56,5.0,5,1,0
101625,13257.72,0.0,0,0,0
101626,31924.03,10.0,30,1,1
101627,34464.75,3.3333333333333335,10,1,0
101628,28302.34,7.5,15,1,0
101629,15527.32,0.0,0,0,0
101630,14850.49,2.5,5,1,0
101631,27718.32,10.0,15,2,0
101632,8588.41,2.5,5,1,0
101633,36923.13,8.333333333333334,10,3,0
101634,14692.74,0.0,0,0,0
101635,44717.380000000005,17.0,30,4,2
101636,29645.32,8.333333333333334,15,2,0
101637,28932.78,22.5,30,2,1
101638,21041.829999999998,5.0,10,1,0
101639,46207.520000000004,0.0,0,0,0
101641,31765.75,5.0,15,1,0
101643,24297.87,2.5,5,1,0
101644,22067.059999999998,10.0,15,3,0
101645,13043.670000000002,0.0,0,0,0
101646,22185.25,12.5,15,2,0
101647,1882.28,10.0,10,1,0
101650,17664.25,0.0,0,0,0
101651,38427.17,5.0,10,2,0
101652,12366.56,10.0,10,1,0
101653,14188.12,0.0,0,0,0
101655,29305.280000000002,10.0,30,1,1
101656,25275.35,2.5,5,1,0
101657,17310.06,0.0,0,0,0
101658,17868.53,0.0,0,0,0
101660,16219.65,15.0,15,1,0
101661,31065.559999999998,25.0,30,3,2
101662,25648.879999999997,10.0,15,2,0
101664,23853.35,6.666666666666667,10,3,0
101665,7693.82,0.0,0,0,0
101666,1135.71,0.0,0,0,0
101667,22161.08,8.75,15,4,0
101668,40726.64,3.3333333333333335,10,1,0
101669,18956.61,12.5,15,2,0
101670,22896.72,1.6666666666666667,5,1,0
101671,19959.3,0.0,0,0,0
101672,37163.39,5.0,10,1,0
101673,19691.530000000002,15.0,15,2,0
101674,15111.7,0.0,0,0,0
101675,16349.14,2.5,5,1,0
101676,32745.03,5.833333333333333,15,3,0
101677,8088.3,5.0,5,1,0
101678,24641.170000000002,5.0,10,1,0
101679,26014.71,7.5,15,1,0
101680,24047.800000000003,2.5,5,1,0
101682,19310.22,15.0,30,1,1
101683,59141.25,2.5,10,1,0
101684,21210.68,12.5,15,2,0
101685,49037.92,11.25,30,3,1
101686,7909.3,0.0,0,0,0
101687,32887.26,6.666666666666667,15,2,0
101688,22040.86,15.0,30,1,1
101690,22313.39,10.0,30,1,1
101691,11657.45,2.5,5,1,0
101692,44584.02,2.5,10,1,0
101693,42946.409999999996,0.0,0,0,0
101694,25033.71,5.0,15,1,0
101695,64665.0,9.0,30,4,1
101696,8578.06,0.0,0,0,0
101697,5619.48,5.0,10,1,0
101698,38490.8,5.0,15,1,0
101699,29406.02,13.333333333333334,30,2,1
101700,29254.03,8.75,30,2,1
101701,19433.16,5.0,5,2,0
101702,12379.77,0.0,0,0,0
101703,45442.05,12.5,30,3,1
101704,7111.47,10.0,10,1,0
101705,23685.55,15.0,30,1,1
101706,49965.350000000006,13.333333333333334,30,2,1
101707,16021.54,0.0,0,0,0
101708,8606.28,7.5,15,1,0
101710,36984.87,13.333333333333334,30,2,1
101711,29648.730000000003,15.0,30,1,1
101712,14995.85,0.0,0,0,0
101713,4516.21,15.0,15,1,0
101714,16201.18,15.0,15,1,0
101715,15021.480000000001,0.0,0,0,0
101716,41575.82,2.5,10,1,0
101717,31368.88,16.0,30,5,1
101718,82468.67,3.5714285714285716,15,2,0
101719,70206.36,12.5,30,4,2
101720,39481.86,13.0,30,4,1
101721,4441.77,0.0,0,0,0
101722,26447.47,8.333333333333334,15,2,0
101723,47078.21,6.0,30,1,1
101724,56906.130000000005,4.0,15,2,0
101725,15801.029999999999,10.0,15,2,0
101726,8383.06,15.0,15,1,0
101727,48483.54,2.0,5,2,0
101728,20836.6,0.0,0,0,0
101729,40146.29,3.3333333333333335,10,1,0
101730,58647.78,11.428571428571429,30,5,1
101732,11830.87,5.0,10,1,0
101733,50863.119999999995,8.333333333333334,15,5,0
101734,57559.66,11.25,30,3,1
101736,46220.66,7.5,15,2,0
101737,16494.02,3.3333333333333335,10,1,0
101738,44081.9,17.5,30,4,2
101739,47136.36,16.666666666666668,30,3,1
101740,54852.56,13.333333333333334,30,4,2
101741,10368.3,7.5,15,1,0
101742,18108.38,12.5,30,3,1
101743,62652.3,3.0,15,1,0
101744,56570.65,5.0,15,1,0
101745,45055.89,5.0,15,2,0
101746,31368.51,15.0,30,1,1
101747,21752.76,0.0,0,0,0
101748,40122.03,10.0,15,3,0
101749,23702.4,8.333333333333334,15,2,0
101750,8946.31,0.0,0,0,0
101752,27658.12,3.3333333333333335,10,1,0
101753,28470.55,10.0,30,1,1
101754,7665.5,5.0,5,1,0
101755,24857.2,16.666666666666668,30,3,1
101756,3559.97,5.0,5,1,0
101757,19136.79,0.0,0,0,0
101758,6798.83,10.0,10,1,0
101759,45590.759999999995,0.0,0,0,0
101760,38499.090000000004,12.5,30,3,1
101761,17615.5,10.0,15,2,0
101762,14507.95,15.0,15,1,0
101763,31277.98,10.0,30,1,1
101764,19737.28,30.0,30,1,1
101765,46128.94,3.75,10,2,0
101766,38907.05,15.0,30,4,2
101767,22772.14,0.0,0,0,0
101768,62390.14,5.0,15,2,0
101769,8634.67,15.0,30,1,1
101770,33084.05,6.666666666666667,15,2,0
101771,36623.2,5.0,10,1,0
101773,33411.78,15.0,30,1,1
101774,62682.020000000004,16.0,30,4,2
101775,50698.23,7.0,30,2,1
101776,6204.78,0.0,0,0,0
101777,31001.5,5.0,15,1,0
101779,17289.47,15.0,30,1,1
101780,42572.63,11.0,30,4,1
101781,32340.019999999997,5.0,10,1,0
101782,13234.89,0.0,0,0,0
101783,18625.27,0.0,0,0,0
101784,53065.51,11.666666666666666,30,2,1
101785,41859.240000000005,16.0,30,4,2
101786,41700.14,8.0,15,4,0
101787,9184.47,15.0,15,1,0
101788,16326.59,10.0,30,2,1
101789,55482.79,10.0,30,4,1
101790,36269.14,0.0,0,0,0
101791,6148.73,30.0,30,1,1
101792,25752.28,7.5,10,2,0
101793,54662.88,6.666666666666667,30,2,1
101794,79537.78,7.5,30,3,1
101795,3236.02,10.0,10,1,0
101796,21954.37,2.5,5,1,0
101797,30304.97,7.0,30,2,1
101798,19368.440000000002,0.0,0,0,0
101799,15679.74,30.0,30,1,1
101800,37692.79,13.333333333333334,15,3,0
101801,48956.01,6.0,30,1,1
101802,16817.12,10.0,10,1,0
101805,23096.82,6.666666666666667,10,2,0
101806,24795.24,7.5,15,1,0
101807,34207.47,7.5,15,1,0
101808,66568.07,17.0,30,5,2
101809,40818.32,1.6666666666666667,5,1,0
101811,28305.68,8.333333333333334,15,2,0
101812,19019.31,8.333333333333334,15,2,0
101813,10008.68,0.0,0,0,0
101814,50503.920000000006,0.0,0,0,0
101815,13181.01,15.0,30,1,1
101817,45808.43,5.0,10,3,0
101818,17502.75,0.0,0,0,0
101819,6848.95,0.0,0,0,0
101820,44254.94,2.5,10,1,0
101822,33999.51,3.75,5,3,0
101823,24680.809999999998,10.0,30,1,1
101824,47558.229999999996,20.0,30,4,2
101826,7909.150000000001,15.0,30,1,1
101828,88860.32,12.142857142857142,30,5,2
101829,4983.5599999999995,2.5,5,1,0
101830,1346.8,15.0,15,1,0
101831,38048.7,3.75,15,1,0
101832,40785.04,7.0,15,3,0
101833,25018.93,0.0,0,0,0
101834,31963.92,7.5,10,2,0
101835,27381.41,0.0,0,0,0
101836,36768.43,3.75,15,1,0
101837,67173.3,8.0,10,5,0
101838,9938.99,30.0,30,1,1
101839,49316.56,5.0,15,1,0
101840,14953.42,15.0,15,1,0
101841,16409.36,2.5,5,1,0
101842,28857.45,5.0,10,2,0
101843,34628.94,20.0,30,2,2
101844,29514.52,7.5,15,2,0
101845,2233.32,0.0,0,0,0
101846,13304.3,0.0,0,0,0
101847,35926.11,13.333333333333334,30,2,1
101848,24406.57,15.0,30,1,1
101849,27488.629999999997,10.0,10,2,0
101850,48057.16,0.0,0,0,0
101852,12937.68,10.0,10,1,0
101853,60728.7,13.0,30,5,1
101854,41769.420000000006,3.75,10,2,0
101855,16615.8,0.0,0,0,0
101856,13973.53,0.0,0,0,0
101857,46359.009999999995,2.5,15,1,0
101858,67806.89,3.75,10,2,0
101859,19037.11,2.5,5,1,0
101860,17221.39,0.0,0,0,0
101861,17221.92,12.5,15,2,0
101862,27003.760000000002,10.0,15,3,0
101863,10272.849999999999,5.0,10,1,0
101864,21726.79,10.0,30,1,1
101865,32072.550000000003,15.0,30,2,2
101866,21615.690000000002,12.5,15,2,0
101867,21166.62,2.5,5,1,0
101868,28536.16,3.75,10,2,0
101870,29338.16,13.75,30,4,1
101871,10311.560000000001,20.0,30,2,1
101872,3957.45,0.0,0,0,0
101873,32223.239999999998,15.0,30,2,1
101874,14594.060000000001,5.0,10,1,0
101875,13205.48,15.0,15,1,0
101876,24552.77,0.0,0,0,0
101877,17764.37,5.0,10,1,0
101878,17801.52,10.0,15,2,0
101879,30061.3,7.5,30,1,1
101880,8371.3,5.0,5,1,0
101881,20750.29,7.5,30,1,1
101882,31888.760000000002,8.333333333333334,15,2,0
101883,13573.56,10.0,10,1,0
101884,26988.25,8.333333333333334,15,2,0
101885,55141.82000000001,5.0,5,4,0
101886,23638.18,5.0,15,2,0
101887,30267.42,13.75,30,4,1
101888,47773.58,10.0,30,1,1
101889,59178.520000000004,7.5,30,3,1
101890,64759.740000000005,11.0,30,4,1
101891,15556.03,30.0,30,1,1
101893,4781.5,15.0,15,1,0
101894,27404.829999999998,12.5,15,2,0
101895,25871.22,18.75,30,3,2
101896,40884.51,8.333333333333334,15,2,0
101897,5263.71,5.0,5,2,0
101898,16286.23,0.0,0,0,0
101899,56521.32000000001,13.75,30,3,1
101900,9197.130000000001,7.5,15,1,0
101901,15493.74,8.333333333333334,15,2,0
101902,19839.91,0.0,0,0,0
101903,22983.43,10.0,30,1,1
101904,36158.82,8.75,15,3,0
101905,9991.68,0.0,0,0,0
101906,34270.2,10.0,30,3,1
101908,27998.73,5.0,10,3,0
101909,30406.56,8.75,30,2,1
101910,57582.56,5.0,10,3,0
101911,30674.57,13.333333333333334,15,3,0
101912,32005.05,17.5,30,2,1
101913,16436.43,10.0,10,1,0
101914,19362.63,0.0,0,0,0
101915,19596.27,7.5,15,1,0
101916,25845.31,3.75,15,1,0
101917,38137.95,15.0,30,1,1
101918,27008.36,5.0,10,1,0
101919,63346.6,10.0,30,2,2
101920,20761.53,12.5,15,2,0
101921,55144.74,6.25,15,2,0
101923,42692.44,2.5,10,1,0
101924,66529.88,11.428571428571429,30,5,1
101925,32882.799999999996,5.0,10,2,0
101926,37377.09,5.0,5,2,0
101927,14164.95,0.0,0,0,0
101928,28961.07,21.666666666666668,30,3,2
101929,17867.9,7.5,15,1,0
101930,30662.550000000003,7.5,15,1,0
101931,42746.7,15.0,30,3,1
101932,21155.1,5.0,10,1,0
101933,33257.549999999996,11.25,30,2,1
101934,16422.699999999997,10.0,30,1,1
101935,35598.369999999995,11.666666666666666,30,2,1
101936,27052.719999999998,6.666666666666667,10,2,0
101937,2550.6,5.0,5,1,0
101938,43545.83,3.75,10,2,0
101940,37981.18,5.0,10,2,0
101941,42439.66,8.333333333333334,15,2,0
101944,28407.64,18.333333333333332,30,3,1
101945,52863.47,10.0,30,3,1
101946,1810.8,0.0,0,0,0
101947,20224.83,10.0,15,2,0
101948,6026.93,0.0,0,0,0
101949,13793.43,0.0,0,0,0
101950,25992.08,2.5,5,1,0
101951,24290.96,10.0,15,2,0
101953,28618.57,0.0,0,0,0
101954,17884.43,0.0,0,0,0
101955,47238.76,12.0,30,4,1
101956,38354.41,8.333333333333334,15,2,0
101957,31102.239999999998,0.0,0,0,0
101958,10060.970000000001,1.6666666666666667,5,1,0
101959,43724.58,10.0,30,3,1
101960,20184.41,15.0,30,1,1
101961,36928.97,3.3333333333333335,10,1,0
101962,24077.92,15.0,30,1,1
101963,38185.659999999996,8.75,30,2,1
101964,9971.63,17.5,30,2,1
101965,17230.51,30.0,30,1,1
101966,7458.63,0.0,0,0,0
101967,10728.67,30.0,30,1,1
101968,8668.05,10.0,10,1,0
101969,50872.76,10.0,30,2,1
101970,47633.08,6.0,15,3,0
101971,7501.3,0.0,0,0,0
101972,3927.45,15.0,15,1,0
101973,42380.47,10.0,15,4,0
101974,30061.82,1.25,5,1,0
101975,45255.84,5.0,15,3,0
101976,62367.03,15.0,30,2,2
101977,22368.02,0.0,0,0,0
101978,15568.900000000001,7.5,15,1,0
101979,20908.79,10.0,30,1,1
101980,26649.25,5.0,15,1,0
101981,42089.28,5.0,15,2,0
101982,31044.58,0.0,0,0,0
101983,44413.98,5.0,10,2,0
101984,12442.34,5.0,5,1,0
101985,41953.03,1.6666666666666667,5,1,0
101986,42868.96,8.333333333333334,15,2,0
101987,22048.96,10.0,15,2,0
101988,21088.050000000003,5.0,15,2,0
101989,15116.599999999999,0.0,0,0,0
101990,18742.78,5.0,10,1,0
101991,35259.24,0.0,0,0,0
101992,18534.56,5.0,5,1,0
101994,7809.33,5.0,5,1,0
101995,16344.5,7.5,15,1,0
101996,15951.32,0.0,0,0,0
101997,40013.18,1.25,5,1,0
101998,19886.25,15.0,15,1,0
101999,39142.96,10.0,30,1,1
