customer_id,total_spend,avg_transaction_value,max_transaction_value,transaction_count,high_value_txn_count
100000,31103.07,3887.88375,14610.58,8,0
100001,9410.15,3136.7166666666667,5308.23,3,0
100002,10138.699999999999,3379.566666666666,8030.67,3,0
100003,14889.490000000002,2127.07,6612.35,7,0
100004,8275.33,1655.066,6433.93,5,0
100005,16571.71,5523.903333333333,9348.11,3,0
100006,22088.23,3155.4614285714283,6362.22,7,0
100007,15916.22,3979.055,8369.0,4,0
100008,28413.489999999998,4059.0699999999997,8199.65,7,0
100009,19498.52,3249.7533333333336,11777.14,6,0
100010,13400.27,3350.0675,6494.13,4,0
100011,12246.59,2041.0983333333334,7670.66,6,0
100012,10915.37,5457.685,9186.09,2,0
100013,22901.04,7633.68,15396.31,3,0
100014,26499.61,6624.9025,10418.14,4,0
100015,29607.38,3700.9225,9157.08,8,0
100016,37847.54,3440.685454545455,9216.47,11,0
100017,31060.27,3106.027,8444.94,10,0
100018,25436.85,3179.60625,6992.69,8,0
100019,1539.29,769.645,1445.12,2,0
100020,27711.699999999997,4618.616666666666,11731.08,6,0
100021,6315.15,3157.575,3184.18,2,0
100022,15945.24,3986.31,9028.3,4,0
100023,20453.23,3408.8716666666664,11049.46,6,0
100024,22338.21,3723.035,9749.07,6,0
100025,5923.450000000001,1974.4833333333336,3599.03,3,0
100026,20211.72,2887.3885714285716,9651.48,7,0
100027,60964.76,5542.250909090909,18262.75,11,1
100028,42634.56,4737.173333333333,10940.88,9,0
100029,21808.22,5452.055,10708.72,4,0
100030,15112.189999999999,1679.132222222222,5215.79,9,0
100031,17019.8,2127.475,4341.32,8,0
100032,20687.41,2955.344285714286,7415.12,7,0
100033,17489.33,2186.16625,4944.39,8,0
100034,17274.190000000002,5758.063333333334,16872.65,3,0
100035,18613.82,2659.117142857143,5028.36,7,0
100036,4562.92,4562.92,4562.92,1,0
100037,17748.03,2958.0049999999997,8401.95,6,0
100038,3596.14,899.035,2652.14,4,0
100039,14070.84,3517.71,8087.95,4,0
100040,29979.15,4996.525000000001,15246.63,6,0
100041,31688.949999999997,5281.491666666666,11616.22,6,0
100042,2040.5000000000002,510.12500000000006,1117.72,4,0
100043,27335.76,3037.3066666666664,6104.2,9,0
100044,15458.15,5152.716666666666,8325.22,3,0
100045,5781.24,1445.31,2799.88,4,0
100046,14235.61,2847.1220000000003,4941.6,5,0
100047,20170.059999999998,3361.6766666666663,9621.08,6,0
100048,9610.61,3203.536666666667,5356.89,3,0
100049,29034.21,4147.744285714286,9903.39,7,0
100050,15194.47,2170.638571428571,3772.74,7,0
100051,40431.76,5775.965714285715,12294.18,7,0
100052,5806.67,1451.6675,3685.13,4,0
100053,29950.74,4278.677142857143,9604.1,7,0
100054,22465.01,2808.12625,7153.54,8,0
100055,23275.37,3879.228333333333,9592.38,6,0
100056,15567.45,3113.4900000000002,6928.08,5,0
100057,44946.29,7491.048333333333,16320.31,6,0
100058,16365.48,4091.37,8044.58,4,0
100059,16994.81,4248.7025,9770.02,4,0
100060,30387.88,7596.97,11715.59,4,0
100061,33450.8,4778.685714285714,16248.06,7,0
100062,34936.24,4367.03,14216.38,8,0
100063,22796.96,4559.392,11975.73,5,0
100064,32087.82,6417.564,17806.33,5,1
100065,38375.91,4796.98875,10176.63,8,0
100066,170425.35,18936.15,131005.0,9,1
100067,10171.45,2542.8625,6586.72,4,0
100068,30331.63,5055.2716666666665,9489.87,6,0
100069,7950.23,1987.5575,2496.5,4,0
100070,38798.57,5542.652857142857,10040.88,7,0
100071,13506.31,3376.5775,6983.38,4,0
100072,6564.59,1312.9180000000001,2857.76,5,0
100073,38055.26,3171.271666666667,13477.16,12,0
100074,21716.170000000002,3619.361666666667,7724.76,6,0
100075,6742.5,2247.5,4741.79,3,0
100076,29614.78,3290.531111111111,8969.18,9,0
100077,11976.39,3992.1299999999997,11190.23,3,0
100078,38803.72,3880.3720000000003,8285.1,10,0
100079,22930.489999999998,3275.7842857142855,5528.17,7,0
100080,13843.79,2768.7580000000003,5134.31,5,0
100081,15123.699999999999,3024.74,6322.28,5,0
100082,10955.92,5477.96,6912.6,2,0
100083,11414.3,1902.3833333333332,3781.89,6,0
100084,47217.44,5902.18,13345.59,8,0
100085,26573.79,4428.965,14879.67,6,0
100086,25519.85,2319.9863636363634,8748.32,11,0
100087,15688.05,2241.15,11780.85,7,0
100088,26240.51,3280.06375,13556.83,8,0
100089,28124.809999999998,5624.9619999999995,10870.38,5,0
100090,3214.86,1071.6200000000001,1925.0,3,0
100091,32461.87,8115.4675,12679.05,4,0
100092,8285.96,2071.49,2509.5,4,0
100093,10329.84,5164.92,5336.58,2,0
100094,18039.95,3006.6583333333333,5400.44,6,0
100095,51556.979999999996,6444.6224999999995,23955.6,8,1
100096,14949.74,2491.6233333333334,6653.75,6,0
100097,25730.5,3216.3125,8745.61,8,0
100098,17215.17,2151.89625,6342.13,8,0
100099,31342.86,5223.81,18566.64,6,1
100100,5578.9800000000005,1859.66,2973.8,3,0
100101,21397.960000000003,3056.851428571429,11570.69,7,0
100102,25481.52,2831.28,10442.85,9,0
100103,12401.85,2066.975,3779.17,6,0
100104,4563.76,4563.76,4563.76,1,0
100105,21032.19,3505.365,8055.46,6,0
100106,77070.55,5138.036666666667,17056.62,15,0
100107,48934.97,6990.71,15319.85,7,0
100108,9763.54,1952.708,5503.03,5,0
100109,33847.53,4230.94125,9814.19,8,0
100110,23476.989999999998,2347.6989999999996,7824.41,10,0
100111,53609.26,4873.569090909091,13044.54,11,0
100112,18833.29,2690.4700000000003,11590.86,7,0
100113,32117.64,3568.6266666666666,9319.42,9,0
100114,28182.09,3522.76125,11884.55,8,0
100115,20350.26,2907.18,5517.27,7,0
100116,28601.19,5720.237999999999,13286.08,5,0
100117,25045.43,3130.67875,6778.92,8,0
100118,11766.5,2941.625,6320.53,4,0
100119,27140.0,4523.333333333333,10769.17,6,0
100120,5238.4400000000005,2619.2200000000003,4956.64,2,0
100121,5469.64,1823.2133333333334,2669.14,3,0
100122,24899.54,3557.077142857143,5801.24,7,0
100123,15715.28,3143.056,6336.31,5,0
100124,37653.38,7530.6759999999995,19410.78,5,1
100125,28453.51,3161.5011111111107,6634.29,9,0
100126,11656.99,3885.6633333333334,5755.14,3,0
100127,33591.6,8397.9,13146.21,4,0
100128,17335.14,2476.4485714285715,4080.48,7,0
100129,19810.39,3301.7316666666666,10779.52,6,0
100130,45102.44,7517.073333333334,18967.45,6,1
100131,17666.17,3533.2339999999995,8184.67,5,0
100132,16114.41,1464.9463636363637,4455.49,11,0
100133,37495.020000000004,5356.431428571429,12554.29,7,0
100134,9848.95,1969.7900000000002,3659.93,5,0
100135,53501.33,4863.757272727273,15126.57,11,0
100136,4349.55,1087.3875,1997.94,4,0
100137,22328.469999999998,3721.4116666666664,9548.38,6,0
100138,38159.89,5451.412857142857,14914.11,7,0
100139,7308.65,1461.73,2312.26,5,0
100140,13158.04,2631.608,5016.08,5,0
100141,10831.27,2166.254,3662.25,5,0
100142,19877.309999999998,2208.5899999999997,8614.88,9,0
100143,14209.61,2841.922,5043.81,5,0
100144,16178.91,3235.782,6590.16,5,0
100145,6196.469999999999,1549.1174999999998,2645.89,4,0
100146,21462.93,3577.155,13111.63,6,0
100147,1499.1000000000001,749.5500000000001,1328.64,2,0
100148,30829.02,3853.6275,13977.14,8,0
100149,45950.75,5105.638888888889,8276.71,9,0
100150,4983.2300000000005,2491.6150000000002,3324.26,2,0
100151,14661.859999999999,3665.4649999999997,6738.9,4,0
100152,4985.62,1246.405,2648.46,4,0
100153,14054.6,7027.3,11018.02,2,0
100154,39162.62,5594.660000000001,12056.78,7,0
100155,20634.25,3439.0416666666665,13095.02,6,0
100156,13517.26,4505.753333333333,10001.34,3,0
100157,32493.12,10831.039999999999,21274.26,3,1
100158,5264.0599999999995,1316.0149999999999,3411.1,4,0
100159,28414.2,3157.133333333333,11292.39,9,0
100160,16786.73,2797.7883333333334,7762.0,6,0
100161,27486.58,2748.6580000000004,10918.9,10,0
100162,22647.75,2830.96875,6833.06,8,0
100163,16722.85,2787.1416666666664,9520.88,6,0
100164,27165.38,3018.375555555556,7064.81,9,0
100165,25096.5,3585.214285714286,10944.13,7,0
100166,19440.37,3888.0739999999996,11623.17,5,0
100167,21095.54,3515.9233333333336,9384.04,6,0
100168,13116.03,1873.7185714285715,6102.17,7,0
100169,20094.71,3349.1183333333333,9929.59,6,0
100170,8189.79,2729.93,6588.09,3,0
100171,13601.47,4533.823333333333,10627.08,3,0
100172,23082.52,2885.315,7594.38,8,0
100173,21817.84,4363.568,11799.99,5,0
100174,17391.02,4347.755,10609.85,4,0
100175,3189.9799999999996,637.9959999999999,1188.6,5,0
100176,32149.95,3572.2166666666667,7343.08,9,0
100177,7435.139999999999,1858.7849999999999,4508.78,4,0
100178,31607.399999999998,2873.3999999999996,8407.63,11,0
100179,19182.96,3836.5919999999996,7506.71,5,0
100180,18635.78,3105.963333333333,5155.33,6,0
100181,14289.91,3572.4775,7615.2,4,0
100182,14716.98,4905.66,13002.24,3,0
100183,19084.41,3816.882,11796.58,5,0
100184,31306.260000000002,4472.322857142857,18513.88,7,1
100185,44183.509999999995,4418.351,19263.16,10,1
100186,17044.300000000003,5681.433333333334,10343.37,3,0
100187,28609.48,4087.0685714285714,15277.92,7,0
100188,16608.35,4152.0875,10795.34,4,0
100189,7137.18,2379.06,5431.17,3,0
100190,12615.1,2523.02,8330.04,5,0
100191,19986.47,3331.0783333333334,5395.17,6,0
100192,5385.1,1795.0333333333335,2940.45,3,0
100193,36003.450000000004,4500.431250000001,11432.68,8,0
100194,28253.780000000002,5650.756,16760.47,5,0
100195,22195.440000000002,3170.777142857143,5900.14,7,0
100196,11693.369999999999,2923.3424999999997,5556.34,4,0
100197,7330.7300000000005,1832.6825000000001,3976.42,4,0
100198,17815.42,3563.084,5384.68,5,0
100199,283.94,283.94,283.94,1,0
100200,12366.29,1545.78625,2981.87,8,0
100201,41097.770000000004,3424.814166666667,8933.35,12,0
100202,14187.419999999998,3546.8549999999996,8322.98,4,0
100203,18392.62,3065.4366666666665,8781.43,6,0
100204,24448.74,3056.0925,6429.83,8,0
100205,18855.260000000002,4713.8150000000005,9383.33,4,0
100206,17406.21,2486.6014285714286,4063.21,7,0
100207,15291.189999999999,3822.7974999999997,7870.61,4,0
100208,27713.31,3959.0442857142857,8539.35,7,0
100209,51035.380000000005,5670.597777777778,13928.24,9,0
100210,5476.0,1825.3333333333333,3421.71,3,0
100211,25189.16,5037.832,10391.99,5,0
100212,9448.23,1574.705,3656.58,6,0
100213,39065.5,4883.1875,18881.2,8,1
100214,23843.460000000003,3406.2085714285718,13239.28,7,0
100215,32346.81,4043.35125,12143.38,8,0
100216,29049.29,3631.16125,9771.94,8,0
100217,10984.76,3661.5866666666666,6596.69,3,0
100218,22890.8,4578.16,14386.69,5,0
100219,31790.89,3532.321111111111,13926.96,9,0
100220,5910.4,1477.6,3006.88,4,0
100221,24863.08,4972.616,14941.36,5,0
100222,52165.46,5216.546,13185.55,10,0
100223,8651.03,2162.7575,3124.96,4,0
100224,38581.38,5511.625714285714,9812.9,7,0
100225,29655.61,2965.561,8552.11,10,0
100226,17026.42,3405.2839999999997,5079.37,5,0
100227,18008.89,3601.778,7982.58,5,0
100228,14673.09,2934.618,5740.09,5,0
100229,14029.64,2338.273333333333,3984.47,6,0
100230,4051.58,1012.895,2256.93,4,0
100231,22096.91,2762.11375,10903.63,8,0
100232,34006.16,5667.693333333334,13646.0,6,0
100233,30778.269999999997,3847.2837499999996,12234.72,8,0
100234,16952.46,3390.4919999999997,8091.34,5,0
100235,13391.07,6695.535,10220.52,2,0
100236,3906.25,1302.0833333333333,2208.12,3,0
100237,39659.6,6609.933333333333,10277.94,6,0
100238,49320.66,4110.055,12674.95,12,0
100239,45522.119999999995,6503.159999999999,16103.32,7,0
100240,15564.390000000001,3112.878,4272.89,5,0
100241,14905.84,2484.306666666667,6364.29,6,0
100242,33410.81,4176.35125,10781.22,8,0
100243,3871.48,774.296,1663.56,5,0
100244,30972.93,4424.704285714286,11334.87,7,0
100245,18700.41,2671.4871428571428,8456.87,7,0
100246,7365.500000000001,1841.3750000000002,4134.93,4,0
100247,10461.63,3487.2099999999996,5265.86,3,0
100248,4258.450000000001,851.6900000000002,2176.94,5,0
100249,24527.63,3503.947142857143,6377.13,7,0
100250,13480.410000000002,4493.47,10041.29,3,0
100251,34872.32,6974.464,10970.93,5,0
100252,7072.77,2357.59,3652.41,3,0
100253,9331.43,1555.2383333333335,3083.44,6,0
100254,19003.71,2375.46375,5467.78,8,0
100255,26887.690000000002,6721.922500000001,11095.76,4,0
100256,42124.68,4680.52,9931.52,9,0
100257,16348.980000000001,2335.5685714285714,10899.79,7,0
100258,33901.76,4237.72,11170.52,8,0
100259,16746.940000000002,3349.3880000000004,5814.51,5,0
100260,11172.95,2234.59,5170.64,5,0
100261,8618.01,1436.335,5328.56,6,0
100262,12827.11,2137.851666666667,5383.89,6,0
100263,19808.78,2829.825714285714,9923.09,7,0
100264,128217.62,16027.2025,98855.0,8,2
100265,29468.71,2946.871,6694.3,10,0
100266,3002.1,1501.05,2956.29,2,0
100267,26220.199999999997,6555.049999999999,16884.18,4,0
100268,21581.24,3596.8733333333334,12784.82,6,0
100269,31608.14,6321.628,19906.88,5,1
100270,12039.33,3009.8325,6258.48,4,0
100271,23885.85,3412.2642857142855,6787.73,7,0
100272,18082.06,2583.151428571429,5483.04,7,0
100273,26000.71,2888.967777777778,6301.16,9,0
100274,29497.829999999998,5899.566,16286.3,5,0
100275,41271.82,5158.9775,9155.31,8,0
100276,40147.06,5018.3825,9477.89,8,0
100277,24416.010000000002,2712.8900000000003,7457.29,9,0
100278,14409.84,2401.64,7458.03,6,0
100279,6850.74,1712.685,3966.96,4,0
100280,13334.42,6667.21,10074.36,2,0
100281,31646.73,5274.455,17252.44,6,1
100282,21497.579999999998,3071.082857142857,10009.48,7,0
100283,499.44,499.44,499.44,1,0
100284,21725.36,3620.8933333333334,9284.12,6,0
100285,7309.87,3654.935,7112.86,2,0
100286,10695.89,2139.178,6635.11,5,0
100287,6266.780000000001,2088.9266666666667,3775.82,3,0
100288,6949.63,2316.5433333333335,3150.15,3,0
100289,32272.61,4034.07625,8582.15,8,0
100290,11409.59,2852.3975,5165.22,4,0
100291,30019.420000000002,6003.884,14545.7,5,0
100292,34031.44,3093.767272727273,9336.62,11,0
100293,5843.13,1168.626,2129.15,5,0
100294,21459.64,4291.928,7384.59,5,0
100295,15839.4,3959.85,5330.83,4,0
100296,11786.199999999999,3928.733333333333,4343.15,3,0
100297,19104.64,3820.928,10352.66,5,0
100298,2965.33,2965.33,2965.33,1,0
100299,37611.520000000004,5373.074285714286,12327.87,7,0
100300,32232.77,2930.251818181818,7502.85,11,0
100301,44765.1,5595.6375,13671.85,8,0
100302,4516.0599999999995,1505.3533333333332,3908.12,3,0
100303,14498.97,1610.9966666666667,4376.28,9,0
100304,27717.64,4619.606666666667,14277.73,6,0
100305,20826.44,2975.2057142857143,7883.97,7,0
100306,18349.629999999997,6116.543333333332,9999.26,3,0
100307,48489.1,4408.099999999999,10561.91,11,0
100308,16302.269999999999,3260.4539999999997,9517.16,5,0
100309,6479.77,1295.9540000000002,3394.69,5,0
100310,5814.62,1453.655,2525.92,4,0
100311,9925.09,1985.018,4247.49,5,0
100312,10005.24,3335.08,5941.02,3,0
100313,6420.8,1605.2,1941.28,4,0
100314,13152.08,3288.02,6382.45,4,0
100315,6198.37,1549.5925,3483.14,4,0
100316,19270.44,2141.16,5829.86,9,0
100317,32066.3,6413.26,11421.23,5,0
100318,22556.97,5639.2425,7965.1,4,0
100319,32348.55,6469.71,17914.39,5,1
100320,125182.68,25036.536,108786.4,5,1
100321,14961.62,2493.6033333333335,7801.35,6,0
100322,16415.0,2735.8333333333335,13016.19,6,0
100323,8906.19,1484.365,3084.31,6,0
100324,41625.75,6937.625,15067.78,6,0
100325,13718.75,2743.75,5935.63,5,0
100326,18456.21,3076.035,7214.97,6,0
100327,17312.53,2473.218571428571,5570.58,7,0
100328,30937.92,7734.48,11689.55,4,0
100329,18571.65,2063.516666666667,5802.25,9,0
100330,23645.76,4729.152,10333.18,5,0
100331,7885.09,1971.2725,4977.46,4,0
100332,42725.96,4272.596,12754.19,10,0
100333,19058.14,2722.5914285714284,7751.35,7,0
100334,12520.1,2504.02,7440.0,5,0
100335,15953.57,3190.714,10776.2,5,0
100336,3263.21,3263.21,3263.21,1,0
100337,8781.76,8781.76,8781.76,1,0
100338,21355.73,3050.8185714285714,7734.49,7,0
100339,9988.55,1664.7583333333332,3774.57,6,0
100340,9358.66,3119.5533333333333,5642.9,3,0
100341,15317.84,3829.46,6694.78,4,0
100342,15678.02,5226.006666666667,6052.77,3,0
100343,32010.14,5335.0233333333335,24123.64,6,1
100344,10066.38,2516.595,5043.65,4,0
100345,19843.06,6614.3533333333335,11345.66,3,0
100346,4907.26,1226.815,1932.45,4,0
100347,11166.21,2233.2419999999997,3738.95,5,0
100348,27492.11,3927.444285714286,9140.95,7,0
100349,11966.84,2393.368,5090.13,5,0
100350,13561.05,3390.2625,6044.78,4,0
100351,19272.13,3854.4260000000004,11262.6,5,0
100352,18303.27,4575.8175,8655.39,4,0
100353,24056.89,3007.11125,6767.04,8,0
100354,7504.71,1250.785,1941.59,6,0
100355,35006.07,3889.5633333333335,10628.06,9,0
100356,19360.19,3872.0379999999996,11171.39,5,0
100357,25532.86,2321.1690909090908,6515.47,11,0
100358,23212.02,4642.404,14383.19,5,0
100359,26461.04,3780.1485714285714,13057.62,7,0
100360,15691.16,2241.594285714286,4819.66,7,0
100361,3515.59,1757.795,2765.23,2,0
100362,3906.44,1302.1466666666668,2397.89,3,0
100363,18018.38,3603.6760000000004,6093.72,5,0
100364,6428.389999999999,1285.6779999999999,2319.5,5,0
100365,22645.239999999998,3774.2066666666665,8366.9,6,0
100366,15489.14,3097.828,8305.54,5,0
100367,28084.49,3120.4988888888893,6562.53,9,0
100368,16876.93,2812.8216666666667,7127.5,6,0
100369,20751.1,5187.775,10188.77,4,0
100370,20145.33,2877.904285714286,9723.52,7,0
100371,13550.68,2710.136,6048.63,5,0
100372,17796.35,3559.2699999999995,6098.75,5,0
100373,6213.93,2071.31,3284.61,3,0
100374,47461.9,4314.718181818182,20488.11,11,1
100375,36896.79,4099.643333333333,9126.05,9,0
100376,15466.66,2577.7766666666666,4432.26,6,0
100377,15189.92,3037.984,5615.68,5,0
100378,17708.67,2951.4449999999997,8392.58,6,0
100379,4256.3099999999995,1064.0774999999999,2476.43,4,0
100380,29225.95,4175.135714285714,8586.58,7,0
100381,16144.460000000001,2690.7433333333333,5345.31,6,0
100382,5619.0199999999995,1404.7549999999999,5325.31,4,0
100383,17564.71,4391.1775,10635.8,4,0
100384,24397.41,4066.235,9387.13,6,0
100385,5602.599999999999,2801.2999999999997,4144.61,2,0
100386,11311.91,2262.382,3372.32,5,0
100387,24770.4,4954.08,12917.74,5,0
100388,25861.02,3694.4314285714286,8801.01,7,0
100389,2633.3599999999997,877.7866666666665,1385.07,3,0
100390,27872.9,3096.988888888889,6018.61,9,0
100391,56445.84,3527.865,7595.24,16,0
100392,14990.44,2498.4066666666668,5597.36,6,0
100393,26764.8,2433.163636363636,9724.88,11,0
100394,10242.09,2048.418,4805.59,5,0
100395,9738.92,2434.73,3616.56,4,0
100396,21003.66,2333.74,5305.6,9,0
100397,15849.09,3169.818,7524.04,5,0
100398,41727.88,2980.562857142857,10471.24,14,0
100399,15866.06,2644.3433333333332,5065.82,6,0
100400,7527.93,1254.655,2324.04,6,0
100401,21336.65,4267.33,8170.85,5,0
100402,29238.04,4873.006666666667,11088.19,6,0
100403,21829.42,3638.236666666666,11523.84,6,0
100404,21865.18,3123.597142857143,4699.51,7,0
100405,9589.55,3196.5166666666664,5153.73,3,0
100406,28137.88,9379.293333333333,21837.29,3,1
100407,35247.45,5874.575,9993.67,6,0
100408,14863.29,3715.8225,7003.77,4,0
100409,22935.04,4587.008,12768.28,5,0
100410,29641.079999999998,4234.44,8108.11,7,0
100411,20587.85,4117.57,8248.05,5,0
100412,9252.04,4626.02,8241.84,2,0
100413,21035.15,4207.030000000001,11443.01,5,0
100414,18187.19,2273.39875,4353.63,8,0
100415,32099.92,4585.702857142857,14854.57,7,0
100416,19713.56,6571.186666666667,14847.16,3,0
100417,7976.41,1994.1025,3766.61,4,0
100418,11004.2,1834.0333333333335,2912.99,6,0
100419,19721.989999999998,1792.9081818181817,5675.95,11,0
100420,17835.59,3567.118,8386.54,5,0
100421,8465.7,2116.425,2833.99,4,0
100422,35838.01,4479.75125,15476.33,8,0
100423,12587.5,4195.833333333333,6258.06,3,0
100424,17980.489999999998,3596.0979999999995,5778.85,5,0
100425,34522.16,3835.795555555556,10327.58,9,0
100426,35944.7,5990.783333333333,16431.16,6,0
100427,28265.4,2569.581818181818,6832.79,11,0
100429,9376.220000000001,2344.0550000000003,5328.37,4,0
100430,22350.3,4470.0599999999995,8825.73,5,0
100431,17780.71,2540.1014285714286,4157.0,7,0
100432,12944.48,2157.4133333333334,6934.03,6,0
100433,23384.54,3340.6485714285714,6385.78,7,0
100434,29442.17,4206.024285714286,13099.36,7,0
100435,25968.38,5193.676,12571.32,5,0
100436,25115.75,8371.916666666666,13295.34,3,0
100437,16014.300000000001,2287.757142857143,6598.31,7,0
100438,13852.41,2770.482,10277.97,5,0
100439,12490.36,4163.453333333334,7778.52,3,0
100440,14037.369999999999,1559.7077777777777,4279.83,9,0
100441,5831.15,2915.575,4832.75,2,0
100442,13259.95,2209.991666666667,6762.57,6,0
100443,49754.24,6219.28,16854.85,8,0
100444,13444.69,3361.1725,6071.25,4,0
100445,25097.95,4182.991666666667,11331.18,6,0
100446,27709.62,1979.2585714285713,6230.84,14,0
100447,11516.45,3838.816666666667,4852.19,3,0
100448,20712.78,3452.1299999999997,14113.13,6,0
100449,47899.96,4789.996,18443.92,10,1
100450,10412.439999999999,2603.1099999999997,4221.19,4,0
100451,4043.61,808.722,1597.45,5,0
100452,15467.15,2577.858333333333,4416.51,6,0
100453,14110.92,2015.8457142857144,6556.56,7,0
100454,20678.59,2067.859,7365.04,10,0
100455,8207.92,2735.9733333333334,4429.11,3,0
100456,9796.79,1399.5414285714287,2188.63,7,0
100457,29513.53,4216.2185714285715,6894.95,7,0
100458,11710.77,2342.154,4081.92,5,0
100459,24899.25,3557.035714285714,6244.7,7,0
100460,7228.88,2409.6266666666666,3631.72,3,0
100461,15285.74,1910.7175,4228.76,8,0
100462,28109.999999999996,4684.999999999999,12705.14,6,0
100463,31115.59,3889.44875,7839.6,8,0
100464,16463.73,2743.955,5319.5,6,0
100465,36866.1,3686.6099999999997,20972.3,10,1
100466,5131.47,1710.49,1957.36,3,0
100467,21151.07,5287.7675,13373.63,4,0
100468,12783.04,3195.76,8418.87,4,0
100469,7843.6,3921.8,5859.14,2,0
100470,14877.099999999999,2479.5166666666664,4800.16,6,0
100471,3697.86,924.465,1713.41,4,0
100472,36755.89,6125.981666666667,12225.65,6,0
100473,12607.79,2101.2983333333336,4730.99,6,0
100474,5284.11,1056.822,2040.54,5,0
100475,33040.5,3671.1666666666665,6503.16,9,0
100476,22875.03,5718.7575,7932.38,4,0
100477,15191.57,3038.314,4270.21,5,0
100478,17655.92,2522.2742857142853,6777.03,7,0
100479,13355.96,2225.9933333333333,3813.95,6,0
100480,30018.77,3752.34625,9297.25,8,0
100481,22706.16,2838.27,6998.46,8,0
100482,33737.32,3748.591111111111,18125.81,9,1
100483,18549.15,2318.64375,6116.65,8,0
100484,23193.510000000002,5798.3775000000005,18109.13,4,1
100485,11849.65,3949.883333333333,6264.07,3,0
100486,7526.719999999999,1505.3439999999998,3173.16,5,0
100487,9338.08,2334.52,4667.14,4,0
100488,13099.509999999998,2619.9019999999996,6744.74,5,0
100489,25857.75,5171.55,14318.7,5,0
100490,12647.37,2107.895,5230.87,6,0
100491,2176.81,1088.405,1657.14,2,0
100492,6099.7300000000005,2033.2433333333336,2654.17,3,0
100493,10340.93,3446.976666666667,6491.23,3,0
100494,10986.55,2746.6375,3861.5,4,0
100495,14767.900000000001,2953.5800000000004,7767.13,5,0
100496,5981.68,2990.84,4046.63,2,0
100497,45667.27,5074.141111111111,19095.0,9,1
100498,14620.65,2924.13,8022.53,5,0
100499,17281.14,4320.285,7189.74,4,0
100500,13712.59,2742.518,7312.3,5,0
100501,18708.89,6236.296666666666,9966.43,3,0
100502,11074.15,3691.383333333333,5652.08,3,0
100503,16654.05,3330.81,7808.24,5,0
100504,7715.460000000001,2571.82,6860.27,3,0
100505,16314.75,3262.95,6596.88,5,0
100506,16361.789999999999,4090.4474999999998,9021.71,4,0
100507,34127.909999999996,4265.9887499999995,12285.48,8,0
100508,37660.73,3766.0730000000003,10288.61,10,0
100509,249957.82,49991.564,237645.0,5,1
100510,25814.38,2581.438,9614.05,10,0
100511,12364.98,1766.4257142857143,3728.43,7,0
100512,9507.31,2376.8275,4218.33,4,0
100513,21046.98,7015.66,12832.42,3,0
100514,53460.090000000004,3818.5778571428573,11360.43,14,0
100515,53461.740000000005,5940.193333333334,21765.07,9,1
100516,9286.35,4643.175,6010.68,2,0
100517,27912.4,3101.3777777777777,10431.85,9,0
100518,10258.1,1709.6833333333334,3874.35,6,0
100519,15880.01,7940.005,13386.41,2,0
100520,22725.909999999996,3787.651666666666,12231.55,6,0
100521,23769.68,3961.6133333333332,7163.57,6,0
100522,12152.06,1736.0085714285713,4853.69,7,0
100523,18844.43,3140.7383333333332,8883.56,6,0
100524,31377.59,3922.19875,9335.16,8,0
100525,10971.36,1371.42,4610.31,8,0
100526,33021.36,3302.136,13862.47,10,0
100527,4077.0,679.5,1918.78,6,0
100528,30071.94,5011.99,8629.48,6,0
100529,24881.36,3554.48,8109.2,7,0
100530,56731.990000000005,7091.498750000001,22441.47,8,1
100531,8631.68,4315.84,6827.25,2,0
100532,22142.49,5535.6225,9396.86,4,0
100533,34205.82,5700.97,9462.01,6,0
100534,49794.97,5532.774444444444,16665.53,9,0
100535,24619.25,3517.035714285714,8936.34,7,0
100536,6651.0,3325.5,3399.56,2,0
100537,8762.380000000001,2920.7933333333335,4082.03,3,0
100538,14660.75,3665.1875,5863.49,4,0
100539,18515.6,2645.085714285714,10682.67,7,0
100540,5190.6,5190.6,5190.6,1,0
100541,53648.81,4470.734166666666,16791.1,12,0
100542,35542.7,3949.1888888888884,9140.25,9,0
100543,3137.94,1045.98,1827.33,3,0
100544,10350.19,3450.0633333333335,4687.11,3,0
100545,14477.54,7238.77,13485.0,2,0
100546,2647.85,882.6166666666667,1677.05,3,0
100547,3515.17,1757.585,2174.5,2,0
100548,21828.99,3638.1650000000004,5908.22,6,0
100549,6750.99,1687.7475,2976.23,4,0
100550,30156.899999999998,4308.128571428571,22388.37,7,1
100551,25464.17,4244.028333333333,9445.42,6,0
100552,33311.09,4163.88625,10914.93,8,0
100553,18319.760000000002,2617.108571428572,10481.03,7,0
100554,31678.07,4525.438571428572,13119.38,7,0
100555,20143.63,2877.6614285714286,9463.9,7,0
100556,16669.440000000002,2778.2400000000002,8568.34,6,0
100557,18098.42,3016.403333333333,8375.13,6,0
100558,17135.55,4283.8875,8158.66,4,0
100559,49188.15,4471.650000000001,10308.12,11,0
100560,27792.300000000003,3088.0333333333338,8942.62,9,0
100561,49537.29,4128.1075,13628.2,12,0
100562,15893.740000000002,2270.534285714286,5692.94,7,0
100563,7285.04,1821.26,3220.93,4,0
100564,32753.05,5458.841666666666,12385.07,6,0
100565,22390.079999999998,4478.016,10108.23,5,0
100566,29744.65,2704.059090909091,7919.06,11,0
100567,13139.79,3284.9475,7044.99,4,0
100568,17803.15,2543.307142857143,8750.17,7,0
100569,39130.28,4347.808888888889,8491.45,9,0
100570,12545.06,2090.8433333333332,4057.72,6,0
100571,23995.01,5998.7525,17339.98,4,1
100572,33255.31,5542.551666666666,15015.86,6,0
100573,21108.52,3015.502857142857,4931.57,7,0
100574,12401.57,1771.652857142857,3484.91,7,0
100575,26278.91,2388.991818181818,6127.68,11,0
100576,9673.650000000001,1934.7300000000002,5817.06,5,0
100577,14201.23,4733.743333333333,9486.0,3,0
100578,9567.59,1913.518,6233.36,5,0
100579,44465.89,4446.589,11665.0,10,0
100580,19492.68,3898.536,12904.17,5,0
100581,16170.039999999999,4042.5099999999998,12162.33,4,0
100582,16944.99,2824.1650000000004,5258.29,6,0
100583,24033.870000000003,6008.467500000001,14847.78,4,0
100584,21257.940000000002,2125.7940000000003,3707.27,10,0
100585,22886.6,3814.433333333333,6760.83,6,0
100586,22068.4,2758.55,4783.12,8,0
100587,19417.43,3883.486,9763.68,5,0
100588,49932.49,5548.054444444444,21719.92,9,1
100589,22194.43,3170.632857142857,6393.46,7,0
100590,8444.93,2814.976666666667,7318.22,3,0
100591,22101.620000000003,2762.7025000000003,5586.36,8,0
100592,13069.689999999999,2178.2816666666663,6445.54,6,0
100593,7970.62,3985.31,6342.98,2,0
100594,23480.309999999998,3913.3849999999998,15995.07,6,0
100595,10875.99,1812.665,3939.74,6,0
100596,20853.100000000002,2606.6375000000003,5623.72,8,0
100597,15935.02,3187.004,4921.73,5,0
100598,23025.42,2878.1775,9960.57,8,0
100599,33172.01,4738.858571428572,15082.62,7,0
100600,23633.21,4726.642,13370.44,5,0
100601,11966.17,2991.5425,9134.82,4,0
100602,1906.22,635.4066666666666,958.85,3,0
100603,28734.21,9578.07,19547.46,3,1
100604,25954.42,3707.7742857142853,8290.99,7,0
100605,35975.81,4496.97625,9769.09,8,0
100606,28720.21,5744.0419999999995,14857.73,5,0
100607,18561.09,2320.13625,5954.57,8,0
100608,11439.72,1634.2457142857143,3595.77,7,0
100609,24350.75,4870.15,10124.87,5,0
100610,15723.77,5241.256666666667,6656.22,3,0
100611,28239.86,3137.762222222222,7208.7,9,0
100612,39675.409999999996,6612.568333333333,21544.78,6,1
100613,44086.06,5510.7575,9172.71,8,0
100614,20046.29,2863.7557142857145,9155.51,7,0
100615,5911.82,1477.955,3580.5,4,0
100616,11436.279999999999,2287.256,4023.69,5,0
100617,19345.42,3224.236666666666,10112.49,6,0
100618,8848.23,1474.705,4715.87,6,0
100619,13857.35,2771.4700000000003,6102.32,5,0
100620,33245.1,4155.6375,9866.16,8,0
100621,18645.09,3107.515,6531.7,6,0
100622,22144.04,3690.6733333333336,11553.32,6,0
100623,31731.71,2884.700909090909,9252.86,11,0
100624,19487.11,3897.422,10900.28,5,0
100625,24900.57,4980.114,9865.72,5,0
100626,20047.07,4009.4139999999998,11048.52,5,0
100627,48080.03,4006.6691666666666,8965.64,12,0
100628,8150.71,2716.903333333333,3752.37,3,0
100629,27721.2,3960.171428571429,7910.58,7,0
100630,18902.67,4725.6675,14617.94,4,0
100631,12216.61,1527.07625,4190.88,8,0
100632,23862.629999999997,2982.8287499999997,5737.68,8,0
100633,15289.140000000001,2184.1628571428573,4273.34,7,0
100634,7701.780000000001,1540.3560000000002,3701.59,5,0
100635,10353.300000000001,2070.6600000000003,4103.63,5,0
100636,21229.37,4245.874,6463.32,5,0
100637,26458.36,3307.295,6943.36,8,0
100638,10847.25,2169.45,4948.26,5,0
100639,30874.170000000002,4410.595714285714,11738.79,7,0
100640,8865.71,2955.236666666666,7543.25,3,0
100641,43445.03,6206.432857142857,15267.2,7,0
100642,10522.66,2630.665,5689.78,4,0
100643,10769.43,3589.81,5213.82,3,0
100644,17522.04,2920.34,4881.08,6,0
100645,16657.49,3331.4980000000005,6152.15,5,0
100646,17608.05,3521.6099999999997,10727.84,5,0
100647,12980.68,2163.4466666666667,3698.69,6,0
100648,38397.86,5485.408571428571,13826.39,7,0
100649,60057.45,6005.745,9427.68,10,0
100650,27292.530000000002,3898.9328571428573,8998.04,7,0
100651,19910.93,2488.86625,6144.98,8,0
100652,15894.52,5298.173333333333,11951.39,3,0
100653,11420.01,2284.002,7647.27,5,0
100654,48789.25,6098.65625,11866.69,8,0
100655,33206.85,3320.685,10586.63,10,0
100656,45729.07,4157.188181818182,6896.55,11,0
100657,23349.920000000002,2594.4355555555558,6068.21,9,0
100658,11332.61,2833.1525,6412.56,4,0
100659,7400.27,1850.0675,2724.32,4,0
100660,10697.93,2139.5860000000002,4745.72,5,0
100661,11666.4,2916.6,6062.8,4,0
100662,25456.96,3636.7085714285713,8856.26,7,0
100663,13097.51,2182.9183333333335,3244.99,6,0
100664,41673.3,4167.33,12729.01,10,0
100665,26057.19,3722.4557142857143,12177.12,7,0
100666,6072.41,2024.1366666666665,2302.35,3,0
100667,9130.6,2282.65,3787.99,4,0
100668,9695.63,1615.9383333333333,4099.36,6,0
100669,11376.9,1896.1499999999999,4854.37,6,0
100670,14299.84,2859.968,4004.72,5,0
100671,55104.03,7872.004285714285,22765.29,7,1
100672,18564.21,2652.0299999999997,5074.02,7,0
100673,6126.539999999999,1531.6349999999998,2653.49,4,0
100674,11595.97,2319.194,6184.71,5,0
100675,22931.440000000002,5732.860000000001,10452.42,4,0
100676,8073.82,4036.91,6663.91,2,0
100677,23581.46,3930.2433333333333,7006.97,6,0
100678,6568.82,1642.205,3260.07,4,0
100679,16716.5,3343.3,11060.76,5,0
100680,12292.599999999999,2048.7666666666664,4383.29,6,0
100681,4187.49,4187.49,4187.49,1,0
100682,7566.21,2522.07,3507.49,3,0
100683,28861.01,4810.168333333333,10053.75,6,0
100684,30534.91,2775.900909090909,7180.36,11,0
100685,11882.1,2970.525,7900.92,4,0
100686,22073.7,3153.3857142857146,8934.75,7,0
100687,25529.53,6382.3825,13546.25,4,0
100688,32662.62,3266.2619999999997,5730.41,10,0
100689,14874.89,2124.9842857142858,3783.89,7,0
100690,26885.07,2688.507,8548.22,10,0
100691,45361.92,5040.213333333333,19020.6,9,1
100692,2862.56,1431.28,2260.62,2,0
100693,44417.18,3172.655714285714,13803.63,14,0
100694,12141.21,3035.3025,7889.33,4,0
100695,20109.739999999998,2234.4155555555553,5569.73,9,0
100696,67238.47,16809.6175,54204.6,4,1
100697,46028.67,5753.58375,11012.64,8,0
100698,21719.64,3619.94,9721.27,6,0
100699,28102.92,3512.865,5327.45,8,0
100700,17198.86,2866.476666666667,6597.57,6,0
100701,33269.15,3326.915,11929.83,10,0
100702,16126.460000000001,2015.8075000000001,4750.6,8,0
100703,12518.35,3129.5875,7329.32,4,0
100704,13118.880000000001,2186.48,4609.56,6,0
100705,4587.58,1146.895,1851.2,4,0
100706,7498.0,1874.5,5783.03,4,0
100707,20225.44,2889.348571428571,5785.76,7,0
100708,10042.77,1673.795,4966.43,6,0
100709,25390.2,5078.04,12425.98,5,0
100710,16358.01,2044.75125,4235.91,8,0
100711,34095.54,6819.108,12723.17,5,0
100712,30559.18,3819.8975,6786.47,8,0
100713,7348.929999999999,1837.2324999999998,3056.79,4,0
100714,18531.449999999997,4632.862499999999,9078.16,4,0
100715,11696.529999999999,2339.3059999999996,4003.05,5,0
100716,17929.58,4482.395,6751.94,4,0
100717,28855.21,3206.1344444444444,5961.09,9,0
100718,14583.49,4861.163333333333,6420.1,3,0
100719,19937.679999999997,4984.419999999999,10653.14,4,0
100720,43064.48,5383.06,10334.27,8,0
100721,9576.6,2394.15,4852.71,4,0
100722,21046.82,3507.8033333333333,6466.25,6,0
100723,17351.84,2891.9733333333334,5560.45,6,0
100724,10901.25,2725.3125,3409.67,4,0
100725,14064.44,2344.0733333333333,4598.88,6,0
100726,34979.72,3886.6355555555556,8943.7,9,0
100727,41621.31,5202.66375,15197.22,8,0
100728,4346.84,1086.71,3128.89,4,0
100729,21044.61,2630.57625,8458.7,8,0
100730,40180.74,6696.79,24063.19,6,1
100731,26072.93,5214.586,8254.5,5,0
100732,33195.64,3688.4044444444444,12330.93,9,0
100733,6102.679999999999,1525.6699999999998,3297.88,4,0
100734,12518.17,2086.3616666666667,5590.05,6,0
100735,10539.05,3513.0166666666664,5892.03,3,0
100736,16935.7,4233.925,15277.89,4,0
100737,15154.52,3030.904,8230.15,5,0
100738,9570.220000000001,1914.0440000000003,4748.16,5,0
100739,20968.190000000002,2621.0237500000003,8780.56,8,0
100740,34118.43,3411.843,11471.02,10,0
100741,15341.29,2556.8816666666667,4021.86,6,0
100742,19728.43,4932.1075,14494.4,4,0
100743,48053.19,4805.319,11888.43,10,0
100744,21825.55,4365.11,6247.36,5,0
100745,32259.13,4032.39125,10854.76,8,0
100746,25017.25,3573.8928571428573,8112.44,7,0
100747,7314.62,1828.655,3416.87,4,0
100748,3943.96,1314.6533333333334,3167.37,3,0
100749,15095.73,3019.1459999999997,4313.47,5,0
100750,8876.75,2958.9166666666665,5284.37,3,0
100751,55812.36,7973.194285714286,30572.6,7,1
100752,22590.989999999998,7530.329999999999,11606.6,3,0
100753,25503.54,3187.9425,10927.76,8,0
100754,24952.199999999997,3564.5999999999995,8382.92,7,0
100755,9345.79,3115.263333333334,3521.26,3,0
100756,30224.71,3778.08875,16807.83,8,0
100757,27888.92,3486.115,5542.27,8,0
100758,35333.270000000004,5888.878333333334,14881.04,6,0
100759,29551.2,4925.2,12524.75,6,0
100760,18106.9,4526.725,10260.33,4,0
100761,32932.45,4704.635714285714,12195.36,7,0
100762,28246.899999999998,4707.816666666667,9736.48,6,0
100763,36600.47,6100.078333333334,15530.77,6,0
100764,47007.560000000005,6715.365714285715,17089.47,7,1
100765,3949.67,1974.835,3267.34,2,0
100766,30522.690000000002,3391.4100000000003,6771.84,9,0
100767,15700.89,3140.178,6063.3,5,0
100768,10288.84,1714.8066666666666,4424.37,6,0
100769,26899.21,3362.40125,6182.2,8,0
100770,14791.22,2465.2033333333334,3999.11,6,0
100771,6630.76,3315.38,6190.78,2,0
100772,17806.29,2967.715,8394.91,6,0
100773,45616.4,6516.628571428571,13910.32,7,0
100774,11724.880000000001,1954.1466666666668,2757.17,6,0
100775,67299.98,13459.996,42808.6,5,1
100776,5617.4,936.2333333333332,2029.05,6,0
100777,25029.61,6257.4025,8032.1,4,0
100778,27012.11,4502.018333333333,14364.9,6,0
100779,14462.75,7231.375,10763.47,2,0
100780,7698.77,1539.7540000000001,2825.31,5,0
100781,14366.61,2873.322,7767.65,5,0
100782,6530.62,1306.124,4369.29,5,0
100783,21104.43,3517.405,8789.99,6,0
100784,12545.58,3136.395,7212.93,4,0
100785,46681.66,5186.851111111111,13395.14,9,0
100786,24601.79,2733.532222222222,8049.47,9,0
100787,15703.679999999998,3140.736,8241.81,5,0
100788,7031.24,3515.62,4898.78,2,0
100789,15475.36,3868.84,4934.96,4,0
100790,6176.37,1544.0925,2386.41,4,0
100791,46104.25,6586.321428571428,15129.87,7,0
100792,39517.35,6586.224999999999,9890.9,6,0
100793,23361.02,2920.1275,5907.96,8,0
100794,9043.29,3014.4300000000003,4332.98,3,0
100795,25924.59,4320.765,12131.66,6,0
100796,27918.05,3489.75625,7945.91,8,0
100797,24557.4,3069.675,7036.3,8,0
100798,51318.61,8553.101666666667,39847.4,6,1
100799,15886.26,3971.565,10003.93,4,0
100800,22882.839999999997,3813.806666666666,11813.49,6,0
100801,26924.05,2991.561111111111,10091.69,9,0
100802,15720.189999999999,3144.0379999999996,5663.74,5,0
100803,21611.11,2701.38875,8399.2,8,0
100804,6514.18,2171.3933333333334,3554.88,3,0
100805,58320.27,5301.842727272727,19280.01,11,1
100806,4604.26,920.8520000000001,1306.9,5,0
100807,25979.42,5195.884,9907.15,5,0
100808,20956.37,2328.4855555555555,4227.89,9,0
100809,23023.08,2877.885,11117.06,8,0
100810,10279.65,2055.93,3836.86,5,0
100811,6762.710000000001,2254.236666666667,4378.27,3,0
100812,40689.03,8137.806,18283.87,5,1
100813,37587.53,2891.3484615384614,7705.58,13,0
100814,19690.97,3281.8283333333334,8159.55,6,0
100815,19556.41,2444.55125,4672.21,8,0
100816,3292.29,3292.29,3292.29,1,0
100817,11888.0,2377.6,5802.93,5,0
100818,21335.02,2666.8775,9876.9,8,0
100819,10668.109999999999,1778.0183333333332,3603.41,6,0
100820,15739.31,3147.862,9082.65,5,0
100821,46040.67,7673.445,20209.86,6,1
100822,20605.44,3434.24,7504.73,6,0
100823,29801.56,4966.926666666667,8497.01,6,0
100824,13679.37,4559.79,8334.86,3,0
100825,31670.27,2639.1891666666666,6510.98,12,0
100826,35237.020000000004,3915.224444444445,8800.98,9,0
100827,116014.13,14501.76625,104533.4,8,1
100828,22591.46,7530.486666666667,15817.88,3,0
100829,20799.609999999997,3466.601666666666,8857.88,6,0
100830,6819.35,1363.8700000000001,2231.55,5,0
100831,14166.359999999999,2833.272,8367.75,5,0
100832,15819.51,2259.93,4992.99,7,0
100833,9126.68,2281.67,5304.86,4,0
100834,23113.03,2889.12875,5612.46,8,0
100835,9751.07,1950.214,5963.28,5,0
100836,14610.73,2087.247142857143,4152.49,7,0
100837,9857.3,2464.325,5569.37,4,0
100838,42946.68,4771.8533333333335,12308.77,9,0
100839,5412.48,1353.12,2906.57,4,0
100840,15764.66,3152.932,9831.02,5,0
100841,51200.86,8533.476666666667,32225.16,6,1
100842,10749.02,2149.804,4785.5,5,0
100843,9795.91,2448.9775,5610.0,4,0
100844,4673.3,934.6600000000001,1616.21,5,0
100845,28752.86,4107.551428571429,9034.65,7,0
100846,33180.97,4147.62125,16014.69,8,0
100847,27912.71,3489.08875,8258.14,8,0
100848,19225.9,2136.211111111111,5417.72,9,0
100849,22527.22,2503.0244444444447,7271.39,9,0
100850,5183.53,2591.765,4897.25,2,0
100851,32823.47,4689.067142857143,11037.22,7,0
100852,2517.77,839.2566666666667,2115.68,3,0
100853,14983.779999999999,4994.593333333333,7146.44,3,0
100854,20496.28,2277.3644444444444,9092.16,9,0
100855,13129.279999999999,2188.213333333333,4714.03,6,0
100856,6528.64,1632.16,3743.81,4,0
100857,19824.25,2832.035714285714,8747.67,7,0
100858,53032.869999999995,3535.5246666666662,10192.55,15,0
100859,8074.75,4037.375,6897.79,2,0
100860,37824.64,7564.928,20113.87,5,1
100861,39869.7,3986.97,8489.41,10,0
100862,53683.75,4880.340909090909,12840.18,11,0
100863,39599.21,5657.03,11310.66,7,0
100864,20998.4,2624.8,8548.85,8,0
100865,12081.689999999999,4027.2299999999996,9932.55,3,0
100866,21819.35,7273.116666666666,19740.51,3,1
100867,35757.95,3575.7949999999996,7622.71,10,0
100868,11306.14,2261.228,3082.98,5,0
100869,7147.12,1429.424,4844.3,5,0
100870,23301.37,3328.7671428571425,8694.93,7,0
100871,21685.6,3097.942857142857,6439.32,7,0
100872,8325.07,4162.535,5001.07,2,0
100873,8381.460000000001,2793.82,6379.3,3,0
100874,22767.96,2529.773333333333,5985.52,9,0
100875,8390.3,1398.3833333333332,3504.45,6,0
100876,8243.47,1648.694,4991.09,5,0
100877,26799.22,2679.922,6854.18,10,0
100878,55961.780000000006,11192.356000000002,45833.8,5,1
100879,23753.059999999998,3958.843333333333,8909.55,6,0
100880,18739.17,3747.834,9371.39,5,0
100881,3391.6600000000003,847.9150000000001,2520.3,4,0
100882,29487.780000000002,4212.54,18409.74,7,1
100883,10709.36,2677.34,4184.34,4,0
100884,47051.17,5227.9077777777775,19976.99,9,1
100885,31156.41,5192.735,18759.2,6,1
100886,6367.09,6367.09,6367.09,1,0
100887,18260.47,1826.047,4197.41,10,0
100888,2650.38,1325.19,2390.55,2,0
100889,3424.38,3424.38,3424.38,1,0
100890,18777.22,3755.4440000000004,5480.55,5,0
100891,23374.969999999998,3895.828333333333,13254.56,6,0
100892,14856.460000000001,2476.076666666667,6147.75,6,0
100893,12510.07,3127.5175,6026.47,4,0
100894,27962.100000000002,9320.7,14925.84,3,0
100895,20617.72,4123.544,6546.25,5,0
100896,37290.38,4661.2975,17615.19,8,1
100897,18096.64,2262.08,4528.99,8,0
100898,24021.27,4804.254,7875.8,5,0
100899,16818.56,3363.7120000000004,6143.27,5,0
100900,16854.72,1532.2472727272727,2991.93,11,0
100901,23389.93,5847.4825,7808.12,4,0
100902,42081.35,6011.621428571429,11532.95,7,0
100903,11674.34,1667.7628571428572,5825.59,7,0
100904,11880.75,2376.15,6691.52,5,0
100905,5041.83,1008.366,2146.19,5,0
100906,24832.79,4138.798333333333,6887.07,6,0
100907,10247.599999999999,1707.9333333333332,6671.78,6,0
100908,13562.7,4520.900000000001,6100.77,3,0
100909,17520.39,3504.078,8237.09,5,0
100910,16779.52,4194.88,6366.96,4,0
100911,28434.22,5686.844,10397.87,5,0
100912,9504.789999999999,2376.1974999999998,5193.71,4,0
100913,24020.69,4003.4483333333333,7868.45,6,0
100914,3653.99,1217.9966666666667,2968.69,3,0
100915,25254.809999999998,3156.8512499999997,7662.12,8,0
100916,26561.65,2951.2944444444447,4841.24,9,0
100917,30788.34,3848.5425,8187.32,8,0
100918,5636.21,1127.242,2569.99,5,0
100919,22247.82,11123.91,14503.13,2,0
100920,9874.58,2468.645,4924.55,4,0
100921,19243.22,3848.6440000000002,14702.81,5,0
100922,21901.239999999998,10950.619999999999,11126.99,2,0
100923,29253.29,2925.329,6957.8,10,0
100924,74274.05,10610.578571428572,42031.4,7,1
100925,14285.73,4761.91,5476.36,3,0
100926,7656.61,1914.1525,3108.64,4,0
100927,19722.489999999998,3944.4979999999996,9881.3,5,0
100928,22739.79,4547.9580000000005,10623.31,5,0
100929,30970.679999999997,3441.1866666666665,8945.83,9,0
100930,28612.519999999997,4087.5028571428566,16694.03,7,0
100931,31291.49,4470.2128571428575,9266.37,7,0
100932,20996.65,4199.33,7577.97,5,0
100933,25639.170000000002,2848.796666666667,6036.76,9,0
100934,6513.35,2171.116666666667,3205.26,3,0
100935,29046.21,4149.458571428571,8789.22,7,0
100936,28757.52,9585.84,18212.8,3,1
100937,26280.25,4380.041666666667,13805.29,6,0
100938,17468.64,3493.728,7989.87,5,0
100939,8094.860000000001,2023.7150000000001,3881.67,4,0
100940,28155.61,7038.9025,19711.1,4,1
100941,11872.710000000001,1696.1014285714286,5469.09,7,0
100942,15355.66,2193.6657142857143,5149.93,7,0
100943,18949.74,2707.1057142857144,6115.84,7,0
100944,51357.81,8559.635,15506.14,6,0
100945,34925.01,3880.556666666667,10738.53,9,0
100946,15440.220000000001,3860.0550000000003,7095.77,4,0
100947,46019.29,3539.9453846153847,10723.03,13,0
100948,26608.62,2956.5133333333333,6256.47,9,0
100949,35802.81,3978.0899999999997,7503.34,9,0
100950,22556.21,4511.242,14695.95,5,0
100951,21024.82,3504.1366666666668,6213.74,6,0
100952,16741.28,3348.256,5049.05,5,0
100953,51993.47,4726.679090909091,18922.0,11,1
100954,21425.260000000002,5356.3150000000005,7905.34,4,0
100955,23739.0,3391.285714285714,7409.46,7,0
100956,36426.54,5203.791428571429,13767.01,7,0
100957,20257.98,2532.2475,5126.69,8,0
100958,20962.03,2620.25375,10609.0,8,0
100959,11996.03,2999.0075,4580.27,4,0
100960,15354.61,3070.922,4819.29,5,0
100961,17403.07,2486.152857142857,6523.4,7,0
100962,26166.38,3738.054285714286,7185.2,7,0
100963,5199.55,1039.91,2117.37,5,0
100964,19707.93,3941.5860000000002,13667.81,5,0
100965,21512.24,4302.448,7096.7,5,0
100966,6816.2699999999995,2272.0899999999997,6391.03,3,0
100967,10924.47,1820.745,5585.8,6,0
100968,34755.72,3861.746666666667,7057.62,9,0
100969,21114.16,4222.832,9901.09,5,0
100970,20865.44,6955.1466666666665,13911.42,3,0
100971,15581.53,5193.843333333333,9305.53,3,0
100972,27907.34,3488.4175,7831.01,8,0
100973,31641.05,5273.508333333333,10950.88,6,0
100974,25954.52,6488.63,17069.77,4,1
100975,15418.89,2569.815,3994.15,6,0
100976,16624.239999999998,2770.7066666666665,7098.48,6,0
100977,45005.55,6429.364285714286,11463.95,7,0
100978,11462.52,2292.504,5053.41,5,0
100979,9350.92,4675.46,7369.93,2,0
100980,15380.61,3845.1525,7033.75,4,0
100981,24246.61,4041.101666666667,10966.57,6,0
100982,21427.69,2380.854444444444,9154.29,9,0
100983,19988.4,2498.55,8762.66,8,0
100984,23633.259999999995,2954.1574999999993,16702.26,8,0
100985,8530.07,1706.014,4001.5,5,0
100986,18747.04,3749.4080000000004,6988.68,5,0
100987,20654.99,2950.7128571428575,8573.01,7,0
100988,19325.45,3220.9083333333333,8687.94,6,0
100989,15051.47,3762.8675,8687.39,4,0
100990,25840.51,2584.051,5352.44,10,0
100991,53007.06,5300.706,10244.32,10,0
100992,38135.829999999994,4766.978749999999,19844.44,8,1
100993,15795.84,2256.5485714285714,4860.59,7,0
100994,22086.92,3155.2742857142853,6578.24,7,0
100995,28913.899999999998,3614.2374999999997,9244.55,8,0
100996,39353.020000000004,4919.1275000000005,12367.22,8,0
100997,11093.4,2218.68,3899.84,5,0
100998,19727.6,3945.5199999999995,8334.4,5,0
100999,18838.399999999998,3139.733333333333,8237.59,6,0
101000,16096.16,4024.04,6546.57,4,0
101001,9490.64,3163.5466666666666,3208.85,3,0
101002,15298.54,3059.708,7919.3,5,0
101003,58200.31,4850.025833333333,21854.69,12,1
101004,23888.11,2986.01375,9146.01,8,0
101005,32464.850000000002,4637.835714285715,17669.13,7,1
101006,30505.92,3813.24,11417.55,8,0
101007,21198.27,4239.654,10499.04,5,0
101008,4840.24,1210.06,2796.29,4,0
101009,28218.46,5643.692,20247.54,5,1
101010,18992.55,3798.5099999999998,7573.27,5,0
101011,13909.02,2318.17,4745.53,6,0
101012,29173.21,4862.201666666667,12503.38,6,0
101013,65612.41,10935.401666666667,45883.4,6,1
101014,9256.81,2314.2025,5666.61,4,0
101015,49909.509999999995,6238.688749999999,16877.77,8,0
101016,31789.4,5298.233333333334,17231.23,6,1
101017,29645.870000000003,3705.7337500000003,13041.35,8,0
101018,18260.79,3652.1580000000004,16035.75,5,0
101019,18124.77,3020.795,5775.39,6,0
101020,21558.989999999998,4311.798,9574.49,5,0
101021,23781.84,3397.405714285714,8049.44,7,0
101022,14825.82,2470.97,5511.5,6,0
101023,18074.02,2582.002857142857,6011.57,7,0
101024,15575.53,1946.94125,6146.33,8,0
101025,31536.610000000004,3942.0762500000005,18320.65,8,1
101026,30490.100000000002,4355.728571428572,11815.86,7,0
101027,6407.389999999999,2135.7966666666666,3335.62,3,0
101028,33203.35,4743.335714285714,12961.94,7,0
101029,48670.44,6952.92,21944.45,7,1
101030,1972.51,1972.51,1972.51,1,0
101031,22874.37,4574.874,10278.24,5,0
101032,1818.74,909.37,1623.71,2,0
101033,20644.399999999998,2580.5499999999997,9974.65,8,0
101034,11105.970000000001,2221.1940000000004,3881.62,5,0
101035,20787.13,4157.426,10730.61,5,0
101036,31645.34,6329.068,13711.0,5,0
101037,51359.02,4279.918333333333,12609.68,12,0
101038,45527.939999999995,4552.794,9255.71,10,0
101039,26786.87,3826.695714285714,8417.44,7,0
101040,24363.379999999997,2436.3379999999997,8643.08,10,0
101041,21946.52,2438.5022222222224,9448.23,9,0
101042,28220.98,4703.496666666667,14484.49,6,0
101043,34317.96,8579.49,22848.98,4,1
101044,22943.010000000002,3277.5728571428576,7930.85,7,0
101045,14403.32,3600.83,6583.63,4,0
101046,15081.87,2154.552857142857,5109.55,7,0
101047,26467.2,3781.0285714285715,12235.65,7,0
101048,30661.93,6132.386,9837.75,5,0
101049,26858.2,4476.366666666667,7578.71,6,0
101050,16072.89,4018.2225,6767.89,4,0
101051,9643.1,3214.366666666667,3936.07,3,0
101052,5477.43,1825.8100000000002,3408.7,3,0
101053,38676.05,4834.50625,9521.48,8,0
101054,22067.6,2758.45,8136.99,8,0
101055,23747.14,2968.3925,9564.32,8,0
101056,7787.66,2595.8866666666668,6341.46,3,0
101057,18487.86,3081.31,9258.23,6,0
101058,18959.32,3791.864,7408.77,5,0
101059,13431.7,3357.925,5273.08,4,0
101060,3609.5,1804.75,3383.9,2,0
101061,25257.899999999998,3157.2374999999997,7899.86,8,0
101062,15607.07,2601.1783333333333,6284.9,6,0
101063,28311.31,4718.551666666667,18535.43,6,1
101064,7558.42,1889.605,5251.81,4,0
101065,23626.920000000002,2953.3650000000002,10296.54,8,0
101066,36246.89,5178.127142857143,13790.95,7,0
101067,29974.84,4995.806666666666,11255.32,6,0
101068,7737.84,2579.28,3728.08,3,0
101069,63322.48,7035.831111111112,36881.8,9,1
101070,28431.550000000003,3553.9437500000004,15032.54,8,0
101071,24606.92,3515.2742857142853,8569.3,7,0
101072,20127.579999999998,2515.9474999999998,9742.63,8,0
101073,32981.08,5496.846666666667,12069.5,6,0
101074,39566.94,4945.8675,14617.75,8,0
101075,36689.409999999996,3335.400909090909,9426.38,11,0
101076,28064.590000000004,7016.147500000001,13423.94,4,0
101077,19145.57,3829.114,9250.48,5,0
101078,17887.47,2555.3528571428574,4473.71,7,0
101079,3120.6400000000003,1560.3200000000002,2057.09,2,0
101080,32389.34,3238.934,8769.01,10,0
101081,25360.989999999998,5072.197999999999,13234.65,5,0
101082,4442.5199999999995,2221.2599999999998,2580.68,2,0
101083,37862.090000000004,3786.2090000000003,12865.45,10,0
101084,29489.59,3276.621111111111,6931.74,9,0
101085,25610.210000000003,4268.368333333334,10015.4,6,0
101086,19238.57,2404.82125,6724.01,8,0
101087,279.88,279.88,279.88,1,0
101088,14436.38,1804.5475,3484.37,8,0
101089,25714.68,2857.1866666666665,6032.72,9,0
101090,27425.82,2493.2563636363634,6973.94,11,0
101091,26917.14,3845.305714285714,5968.88,7,0
101092,45691.950000000004,5711.493750000001,16898.08,8,0
101093,21803.26,3114.7514285714283,10712.9,7,0
101094,15456.779999999999,3091.3559999999998,5667.68,5,0
101095,11616.09,1936.015,3465.1,6,0
101096,25566.6,4261.099999999999,6728.33,6,0
101097,10895.69,1815.9483333333335,4053.65,6,0
101098,25735.230000000003,3216.9037500000004,10406.54,8,0
101099,32101.23,5350.205,10832.64,6,0
101100,17603.65,2514.807142857143,9326.33,7,0
101101,27806.200000000004,4634.366666666668,16593.31,6,0
101102,6429.39,6429.39,6429.39,1,0
101103,5998.110000000001,1499.5275000000001,2000.31,4,0
101104,10887.79,1555.3985714285716,3513.89,7,0
101105,35560.43,3951.158888888889,11087.46,9,0
101106,49872.27,6234.03375,8795.07,8,0
101107,15960.21,3990.0525,11973.65,4,0
101108,6048.58,2016.1933333333334,3266.73,3,0
101109,7388.03,2462.6766666666667,3463.54,3,0
101110,19748.1,6582.7,11981.05,3,0
101111,14120.380000000001,2017.197142857143,6580.81,7,0
101112,40470.1,2698.0066666666667,10502.01,15,0
101113,9103.869999999999,2275.9674999999997,3406.21,4,0
101114,10818.05,3606.0166666666664,8051.73,3,0
101115,8616.95,2154.2375,4745.75,4,0
101116,28340.25,5668.05,13687.22,5,0
101117,13839.4,3459.85,5904.65,4,0
101118,3547.8,1773.9,3440.21,2,0
101119,10715.800000000001,1785.966666666667,2707.84,6,0
101120,28163.45,3129.2722222222224,5713.02,9,0
101121,32400.82,4628.688571428572,17619.76,7,1
101123,7620.66,1270.11,3009.63,6,0
101124,6411.49,3205.745,3225.55,2,0
101125,3229.84,1076.6133333333335,2072.26,3,0
101126,25063.760000000002,3580.537142857143,6498.72,7,0
101127,24419.23,6104.8075,12185.43,4,0
101128,6783.12,1695.78,4385.95,4,0
101129,16015.72,3203.144,10519.5,5,0
101130,35595.35,5085.05,14681.81,7,0
101131,28270.64,4711.7733333333335,9440.97,6,0
101132,44.01,44.01,44.01,1,0
101133,1869.3600000000001,623.12,1133.5,3,0
101134,45667.79,5074.198888888889,9851.67,9,0
101135,51790.56,3699.325714285714,9959.28,14,0
101136,7478.2,2492.733333333333,4053.57,3,0
101137,23737.809999999998,3391.115714285714,6923.7,7,0
101138,29527.12,4218.16,10343.09,7,0
101139,4474.92,1118.73,1736.58,4,0
101140,13763.84,3440.96,8807.14,4,0
101141,4169.85,1042.4625,1857.09,4,0
101142,21621.71,2402.412222222222,9347.99,9,0
101143,30090.59,6018.118,12458.4,5,0
101144,39640.34,3303.361666666666,10488.27,12,0
101145,3363.42,1121.14,2500.73,3,0
101146,26492.94,3311.6175,8761.25,8,0
101147,18362.18,6120.7266666666665,10223.41,3,0
101148,3685.23,921.3075,2529.0,4,0
101149,3547.69,886.9225,1983.97,4,0
101150,36142.979999999996,6023.829999999999,12006.96,6,0
101151,15005.630000000001,3751.4075000000003,6496.45,4,0
101152,28791.780000000002,4113.111428571429,17728.88,7,1
101153,32650.510000000002,4081.3137500000003,14102.08,8,0
101154,11080.65,1385.08125,2911.08,8,0
101155,2358.0899999999997,786.0299999999999,1489.86,3,0
101156,25048.66,1926.82,4678.96,13,0
101157,42868.44,4286.844,12130.8,10,0
101158,23391.100000000002,3898.516666666667,10894.74,6,0
101159,46051.350000000006,6578.764285714286,15773.43,7,0
101160,11750.119999999999,1958.3533333333332,4894.46,6,0
101161,35394.8,3217.709090909091,12883.23,11,0
101162,11668.310000000001,5834.155000000001,8541.94,2,0
101163,25622.21,5124.442,10156.67,5,0
101164,4034.54,1344.8466666666666,2055.5,3,0
101165,34016.43,4859.49,11468.39,7,0
101166,59950.25,5995.025,18412.5,10,1
101167,25184.34,6296.085,9245.18,4,0
101168,49217.18,6152.1475,20991.19,8,1
101169,38255.94,2942.7646153846154,12673.02,13,0
101170,24491.46,8163.82,16755.09,3,0
101171,28468.84,4744.806666666666,6788.57,6,0
101172,28928.8,5785.76,11044.52,5,0
101173,23788.87,4757.773999999999,9583.17,5,0
101174,15784.76,5261.586666666667,8119.13,3,0
101175,22058.07,3151.152857142857,7277.44,7,0
101176,29854.43,3317.158888888889,9649.62,9,0
101177,17032.47,2433.21,7611.61,7,0
101178,15217.53,3804.3825,7683.59,4,0
101179,42344.15,3849.468181818182,15280.62,11,0
101180,12068.8,4022.933333333333,10631.72,3,0
101181,37112.39,4123.598888888889,9047.55,9,0
101182,1767.23,883.615,1652.49,2,0
101183,24041.17,3434.452857142857,7049.46,7,0
101184,30409.84,3801.23,14514.31,8,0
101185,25779.339999999997,5155.8679999999995,15125.4,5,0
101186,6546.849999999999,2182.2833333333333,4256.61,3,0
101187,10626.75,3542.25,5588.72,3,0
101188,6722.01,1680.5025,4461.27,4,0
101189,14141.25,2828.25,8825.83,5,0
101190,13600.11,4533.37,9812.95,3,0
101191,35023.1,5003.3,14158.85,7,0
101192,24750.07,4950.014,11339.09,5,0
101193,23892.1,3982.0166666666664,10566.38,6,0
101194,31011.78,3876.4725,8896.27,8,0
101195,15933.68,3186.736,5951.82,5,0
101196,24949.48,6237.37,14016.04,4,0
101197,15345.71,3836.4275,5533.09,4,0
101198,41010.04,5858.577142857143,21399.63,7,1
101199,64498.08,4961.390769230769,17806.54,13,1
101200,7247.3099999999995,1449.462,2187.61,5,0
101201,2709.77,1354.885,2416.7,2,0
101202,5188.0599999999995,2594.0299999999997,3996.29,2,0
101203,33083.45,4135.43125,14006.77,8,0
101204,9562.92,3187.64,3545.99,3,0
101205,19210.39,2401.29875,10385.34,8,0
101206,18317.71,3052.9516666666664,6984.61,6,0
101207,39988.11,4443.123333333333,10795.62,9,0
101208,13265.77,1895.1100000000001,5078.03,7,0
101209,27420.82,4570.136666666666,10990.08,6,0
101210,58023.93,6447.1033333333335,18514.92,9,1
101211,6849.51,3424.755,3971.97,2,0
101212,31486.16,3935.77,20860.43,8,1
101213,39931.05,7986.210000000001,14398.31,5,0
101214,14902.470000000001,2980.494,6381.31,5,0
101215,15770.54,3154.108,6740.2,5,0
101216,23424.49,3904.081666666667,7677.47,6,0
101217,25187.67,5037.534,7395.65,5,0
101218,52296.17,4754.197272727272,13845.45,11,0
101219,6923.97,1730.9925,3475.21,4,0
101220,41842.84,4649.204444444444,15942.65,9,0
101221,15767.93,3153.5860000000002,9119.72,5,0
101222,44452.44,5556.555,15167.19,8,0
101223,10557.23,1759.5383333333332,3662.19,6,0
101224,33494.44,4784.92,11605.15,7,0
101225,50695.26,4224.6050000000005,16724.47,12,0
101226,9479.74,1579.9566666666667,4249.46,6,0
101227,16929.16,5643.053333333333,13902.44,3,0
101228,28516.65,4752.775000000001,11383.93,6,0
101229,10661.890000000001,2132.378,5005.21,5,0
101230,20035.9,3339.316666666667,8959.26,6,0
101231,6094.47,2031.49,4818.26,3,0
101232,22594.87,2824.35875,7571.64,8,0
101233,6616.06,2205.3533333333335,2541.58,3,0
101234,17438.940000000002,5812.9800000000005,10742.99,3,0
101235,26203.91,2382.1736363636364,6790.24,11,0
101236,14568.47,3642.1175,12196.0,4,0
101237,16828.82,2103.6025,6121.43,8,0
101238,22020.409999999996,5505.102499999999,8561.39,4,0
101239,24384.67,2709.4077777777775,9125.63,9,0
101240,7985.27,1597.054,3408.24,5,0
101241,13520.66,1931.5228571428572,7151.38,7,0
101242,19358.0,1759.8181818181818,7101.87,11,0
101243,35102.6,5850.433333333333,12936.23,6,0
101244,28309.61,4044.23,8099.81,7,0
101245,33316.4,8329.1,13884.58,4,0
101246,10430.66,3476.8866666666668,7043.06,3,0
101247,21519.91,3586.6516666666666,12561.94,6,0
101248,49132.17,5459.13,18622.8,9,1
101249,17592.36,4398.09,11125.18,4,0
101250,55862.53,6982.81625,17186.27,8,1
101251,39346.770000000004,4918.3462500000005,14022.71,8,0
101252,14087.06,4695.6866666666665,12508.06,3,0
101253,16776.4,2796.066666666667,7710.26,6,0
101254,36328.55,3632.8550000000005,10615.26,10,0
101255,26377.43,5275.486,13655.85,5,0
101256,18404.74,3067.456666666667,7818.88,6,0
101257,31509.95,3501.105555555556,8080.96,9,0
101258,8550.44,2850.146666666667,3954.66,3,0
101259,12478.15,3119.5375,5920.72,4,0
101260,9269.650000000001,3089.8833333333337,6409.22,3,0
101261,17318.27,2886.3783333333336,7209.88,6,0
101262,13242.92,1891.8457142857144,5743.18,7,0
101263,99823.72999999998,9074.884545454544,67529.79999999999,11,1
101264,33623.79,3362.379,7320.3,10,0
101265,24002.62,4800.523999999999,12422.87,5,0
101266,16156.119999999999,4039.0299999999997,10961.21,4,0
101267,19618.29,2802.612857142857,5309.62,7,0
101268,22240.54,3706.7566666666667,6779.1,6,0
101269,27753.14,2523.0127272727273,4572.66,11,0
101270,10174.55,5087.275,6015.16,2,0
101271,10058.57,3352.8566666666666,6874.81,3,0
101272,27183.56,3883.3657142857146,9373.79,7,0
101273,4683.24,1561.08,3034.28,3,0
101274,26628.41,2662.841,6105.47,10,0
101275,26275.07,3753.5814285714287,9304.77,7,0
101276,22337.309999999998,5584.327499999999,15562.24,4,0
101277,2301.98,460.396,858.78,5,0
101278,22349.92,3724.986666666666,8765.03,6,0
101279,12681.330000000002,3170.3325000000004,7195.14,4,0
101280,7902.6,987.825,1858.61,8,0
101281,13729.990000000002,4576.663333333334,6224.52,3,0
101282,53683.4,4880.309090909091,15101.93,11,0
101283,38125.590000000004,6354.265,21009.31,6,1
101284,9989.369999999999,1997.8739999999998,7464.92,5,0
101285,13664.529999999999,2732.906,4158.74,5,0
101286,11474.5,1912.4166666666667,4703.79,6,0
101287,29693.159999999996,5938.632,12290.91,5,0
101288,23442.989999999998,3348.9985714285713,15035.14,7,0
101289,13368.35,1671.04375,4792.77,8,0
101290,9818.43,2454.6075,4569.41,4,0
101291,34424.06,4303.0075,7950.09,8,0
101292,67152.86,6104.805454545454,24830.74,11,1
101293,25996.1,2888.4555555555553,8781.32,9,0
101294,16962.27,2827.045,5922.72,6,0
101295,21251.1,4250.219999999999,6892.49,5,0
101296,22846.67,5711.6675,13841.24,4,0
101297,8211.869999999999,2052.9674999999997,3996.68,4,0
101298,21968.79,2440.976666666667,9725.01,9,0
101299,17627.06,4406.765,15077.54,4,0
101300,35369.29,2947.4408333333336,8820.66,12,0
101301,12757.869999999999,3189.4674999999997,6654.73,4,0
101302,9686.89,1614.4816666666666,3986.94,6,0
101303,14912.75,2982.55,7624.11,5,0
101304,17000.46,3400.0919999999996,8932.89,5,0
101305,19387.93,3231.3216666666667,8971.99,6,0
101306,31607.89,3950.98625,15813.51,8,0
101307,26145.190000000002,5229.0380000000005,12728.06,5,0
101308,42273.479999999996,4697.053333333333,11001.52,9,0
101309,25074.58,6268.645,9741.24,4,0
101310,24673.66,3524.808571428571,9217.79,7,0
101311,20973.29,4194.658,8419.74,5,0
101312,24873.68,3109.21,10829.35,8,0
101313,12028.92,3007.23,6452.06,4,0
101314,11165.99,2233.198,3050.89,5,0
101315,19250.09,3850.018,14291.97,5,0
101316,30274.07,3784.25875,10886.74,8,0
101317,11551.08,2887.77,4176.08,4,0
101318,2480.79,620.1975,1725.21,4,0
101319,9802.56,4901.28,5789.91,2,0
101320,26477.89,2941.987777777778,8501.61,9,0
101321,21947.08,3657.846666666667,9541.86,6,0
101322,29855.41,2714.128181818182,8958.68,11,0
101323,5992.549999999999,1997.5166666666664,4357.86,3,0
101324,10999.4,3666.4666666666667,6404.88,3,0
101325,40278.04,4027.804,18415.33,10,1
101326,9553.06,1910.6119999999999,4318.03,5,0
101327,23624.559999999998,2624.951111111111,5561.81,9,0
101328,19707.05,3941.41,8018.44,5,0
101329,30478.649999999998,15239.324999999999,26135.46,2,1
101330,11789.09,3929.6966666666667,7985.68,3,0
101331,35178.57,3517.857,8198.33,10,0
101332,37579.66,4175.517777777778,7730.58,9,0
101333,19944.52,2493.065,5992.8,8,0
101334,8045.889999999999,1609.1779999999999,4865.69,5,0
101335,1211.81,403.93666666666667,503.87,3,0
101336,26162.55,6540.6375,18913.36,4,1
101337,16974.38,8487.19,14375.98,2,0
101338,15139.03,2162.7185714285715,3269.13,7,0
101339,30817.370000000003,3852.1712500000003,15323.12,8,0
101340,5095.94,2547.97,4607.41,2,0
101341,31817.35,3977.16875,10822.89,8,0
101342,30396.04,5066.006666666667,12128.11,6,0
101343,52435.26,7490.751428571429,23434.33,7,1
101344,8775.51,2193.8775,4395.5,4,0
101345,31535.059999999998,3941.8824999999997,7603.76,8,0
101346,20619.2,6873.066666666667,12108.65,3,0
101347,21780.48,5445.12,10604.71,4,0
101348,17165.09,5721.696666666667,16449.59,3,0
101349,7783.0599999999995,1945.7649999999999,4055.22,4,0
101350,32457.010000000002,4636.715714285715,12262.59,7,0
101351,29255.230000000003,3656.9037500000004,11620.54,8,0
101352,18880.25,3146.7083333333335,6749.74,6,0
101353,17043.02,2434.717142857143,6425.97,7,0
101354,8759.04,2919.6800000000003,7068.25,3,0
101355,27228.14,3889.7342857142858,10302.61,7,0
101356,23881.17,4776.2339999999995,13887.25,5,0
101357,11125.07,1854.1783333333333,4310.17,6,0
101358,31595.37,3949.42125,9144.83,8,0
101359,23552.16,3925.36,6762.01,6,0
101360,20730.03,2073.0029999999997,6650.45,10,0
101361,9194.33,4597.165,8723.88,2,0
101362,21320.71,3553.4516666666664,5740.35,6,0
101363,26273.17,2189.4308333333333,5391.14,12,0
101364,38130.159999999996,6355.026666666666,15826.64,6,0
101365,24641.18,3520.1685714285713,13261.25,7,0
101366,23630.93,2363.093,5801.66,10,0
101367,14050.91,7025.455,8180.75,2,0
101368,17260.93,2157.61625,7034.31,8,0
101369,23814.46,2381.446,10844.38,10,0
101370,20017.62,6672.54,8702.49,3,0
101371,14976.880000000001,2995.376,6284.68,5,0
101372,11871.58,2967.895,5121.54,4,0
101373,21580.620000000003,5395.155000000001,9319.69,4,0
101374,23880.65,4776.13,9350.33,5,0
101375,39346.34,4918.2925,13733.34,8,0
101376,10643.55,3547.85,5580.79,3,0
101377,24248.58,4041.4300000000003,15857.12,6,0
101378,10817.43,2163.486,3616.17,5,0
101379,15677.99,3135.598,6788.4,5,0
101380,28304.679999999997,5660.936,10415.47,5,0
101381,22637.36,3772.8933333333334,12818.32,6,0
101382,15297.45,3824.3625,6125.09,4,0
101383,37337.11,4667.13875,13813.66,8,0
101384,14155.22,2359.2033333333334,6960.2,6,0
101385,22587.06,3764.51,6540.36,6,0
101386,18941.61,3788.322,4991.0,5,0
101387,27925.920000000002,4654.320000000001,9909.77,6,0
101388,29898.010000000002,3737.2512500000003,15557.86,8,0
101389,18691.8,2336.475,9467.85,8,0
101390,17428.719999999998,2904.7866666666664,6747.48,6,0
101391,11686.400000000001,1947.7333333333336,6091.52,6,0
101392,16402.61,5467.536666666667,7448.63,3,0
101393,26279.45,5255.89,14567.56,5,0
101394,25946.03,2594.603,7020.56,10,0
101395,3402.17,3402.17,3402.17,1,0
101396,20419.66,5104.915,13382.32,4,0
101397,10615.41,1326.92625,2790.83,8,0
101398,14109.07,2351.5116666666668,8310.06,6,0
101399,22620.58,2827.5725,8469.7,8,0
101400,12904.89,3226.2225,6494.63,4,0
101401,19438.5,3887.7,5630.26,5,0
101402,32452.47,5408.745,9708.19,6,0
101403,34189.9,3418.9900000000002,7850.67,10,0
101404,15120.97,1890.12125,6723.2,8,0
101405,17114.11,2852.351666666667,8816.12,6,0
101406,24760.56,4126.76,8241.58,6,0
101407,6968.07,1742.0175,5958.72,4,0
101408,19389.34,3877.868,7608.15,5,0
101409,178823.99,25546.284285714286,151308.8,7,1
101410,13881.91,3470.4775,7042.03,4,0
101411,16143.69,2017.96125,6968.81,8,0
101412,23342.940000000002,5835.735000000001,8463.09,4,0
101413,56930.1,5175.463636363636,12701.72,11,0
101414,19735.32,3947.064,6934.95,5,0
101415,11144.3,3714.7666666666664,6352.33,3,0
101416,27235.0,3404.375,10086.31,8,0
101417,3831.0699999999997,957.7674999999999,1280.27,4,0
101418,19701.11,3283.5183333333334,7519.78,6,0
101419,36830.04,4603.755,10981.01,8,0
101420,26584.59,3323.07375,14918.01,8,0
101421,19349.38,3224.896666666667,6170.7,6,0
101422,13939.2,2787.84,6504.47,5,0
101423,50902.82,7271.831428571429,29760.01,7,1
101424,21015.280000000002,2626.9100000000003,8573.76,8,0
101425,21003.05,7001.016666666666,12857.25,3,0
101426,12187.530000000002,3046.8825000000006,9583.37,4,0
101427,6029.299999999999,2009.7666666666664,3319.04,3,0
101428,38997.79,4874.72375,9804.31,8,0
101429,23010.86,2876.3575,5475.87,8,0
101430,22186.33,3169.4757142857147,9815.45,7,0
101431,19607.16,2801.022857142857,6742.77,7,0
101432,28401.52,4057.36,12710.22,7,0
101433,22783.56,3797.26,8586.35,6,0
101434,3886.3199999999997,1943.1599999999999,2087.2,2,0
101435,4681.1900000000005,2340.5950000000003,4201.59,2,0
101436,5954.51,1488.6275,2544.96,4,0
101437,20579.760000000002,2939.9657142857145,7269.37,7,0
101438,14342.98,2048.997142857143,3909.17,7,0
101439,22498.94,3214.1342857142854,6834.39,7,0
101440,22751.08,2843.885,6849.35,8,0
101441,17052.21,2436.0299999999997,4284.02,7,0
101442,18740.87,2082.318888888889,7616.61,9,0
101443,34022.95,3780.3277777777776,9750.96,9,0
101444,900.52,900.52,900.52,1,0
101445,13304.33,3326.0825,6618.57,4,0
101446,25725.59,2858.398888888889,5655.78,9,0
101447,39075.06,5582.151428571428,14441.14,7,0
101448,15391.47,3847.8675,5626.69,4,0
101449,7961.7300000000005,2653.9100000000003,6189.52,3,0
101450,11419.61,2283.922,6764.6,5,0
101451,24663.9,2466.3900000000003,6661.45,10,0
101452,9532.51,1361.787142857143,5279.93,7,0
101453,13198.65,2639.73,5377.61,5,0
101454,25725.67,6431.4175,14431.47,4,0
101455,7612.92,3806.46,4185.64,2,0
101456,10002.25,5001.125,9278.5,2,0
101457,14394.92,2878.984,5514.25,5,0
101458,32571.43,4653.061428571428,11231.15,7,0
101459,35824.97,5117.852857142857,9951.23,7,0
101460,14147.3,2357.883333333333,5362.21,6,0
101461,17066.190000000002,2844.3650000000002,7398.64,6,0
101462,4159.98,1386.6599999999999,1811.85,3,0
101463,17247.04,2874.5066666666667,6323.72,6,0
101464,77303.51,7730.351,35848.6,10,1
101465,4210.98,842.1959999999999,1779.31,5,0
101466,41280.350000000006,4586.705555555556,9947.33,9,0
101467,23569.48,4713.896,10259.25,5,0
101468,19098.61,3183.101666666667,5897.3,6,0
101469,32767.21,5461.201666666667,17037.32,6,0
101470,26145.03,3735.0042857142857,9908.9,7,0
101471,12388.119999999999,2064.6866666666665,4290.38,6,0
101472,48953.8,4895.38,8694.22,10,0
101473,22580.66,3225.808571428571,13328.55,7,0
101474,5643.77,2821.885,4110.8,2,0
101475,943.09,943.09,943.09,1,0
101476,26450.36,5290.072,11298.62,5,0
101477,13780.32,2756.064,10085.91,5,0
101478,18689.2,4672.3,7948.0,4,0
101479,53289.32,4844.483636363636,14356.93,11,0
101480,29219.7,4174.242857142857,9198.01,7,0
101481,29778.2,2977.82,5624.92,10,0
101482,12618.14,2523.6279999999997,7322.79,5,0
101483,25615.379999999997,5123.075999999999,17309.3,5,1
101484,12835.349999999999,4278.45,11665.31,3,0
101485,15281.43,3820.3575,5903.06,4,0
101486,43960.03,3663.335833333333,10821.69,12,0
101487,9859.23,3286.41,6027.19,3,0
101488,21764.07,2418.23,10038.91,9,0
101489,21209.02,5302.255,6907.85,4,0
101490,15633.490000000002,3126.6980000000003,6213.55,5,0
101491,41298.89,4588.765555555556,16618.81,9,0
101492,27296.12,2481.4654545454546,7410.78,11,0
101493,21832.190000000002,5458.047500000001,9955.01,4,0
101494,18713.98,3742.796,7368.52,5,0
101495,19600.93,3920.186,6295.04,5,0
101496,11914.130000000001,3971.376666666667,6666.52,3,0
101497,43334.42,3611.2016666666664,9302.79,12,0
101498,21042.17,3507.028333333333,6259.02,6,0
101499,27002.129999999997,3857.4471428571424,11386.63,7,0
101500,21656.39,5414.0975,9660.52,4,0
101501,16791.9,2098.9875,4438.85,8,0
101502,21988.61,3664.7683333333334,9466.11,6,0
101503,16294.21,3258.8419999999996,10081.59,5,0
101504,41251.94,5893.134285714286,10268.2,7,0
101505,47203.76,4720.376,7787.07,10,0
101506,29670.74,3708.8425,9193.14,8,0
101507,2707.32,2707.32,2707.32,1,0
101508,14492.64,2070.3771428571426,7482.87,7,0
101509,17729.11,5909.703333333334,6792.74,3,0
101510,14812.86,1645.8733333333334,7371.46,9,0
101511,32275.8,6455.16,16908.75,5,0
101512,7143.719999999999,1785.9299999999998,4160.41,4,0
101513,11779.009999999998,2944.7524999999996,6787.4,4,0
101514,19976.86,3995.3720000000003,6967.33,5,0
101515,34044.42,4863.488571428571,17665.53,7,1
101516,27554.329999999998,2504.9390909090907,5512.82,11,0
101517,19533.43,3255.5716666666667,8556.25,6,0
101518,15922.95,2653.8250000000003,7838.81,6,0
101519,11074.25,2214.85,2839.59,5,0
101520,8712.0,1742.4,5630.8,5,0
101521,21008.46,3001.2085714285713,8748.92,7,0
101522,35018.6,4377.325,9024.45,8,0
101523,33507.32,3350.732,9679.23,10,0
101524,25950.74,5190.148,16393.29,5,0
101525,18316.469999999998,2616.638571428571,9753.91,7,0
101526,25886.97,2876.33,13973.74,9,0
101527,13498.16,3374.54,6018.57,4,0
101528,25098.85,5019.7699999999995,11655.75,5,0
101529,19770.19,2824.312857142857,5201.58,7,0
101530,1492.73,746.365,792.47,2,0
101531,20948.97,5237.2425,15241.84,4,0
101532,40474.32000000001,4497.146666666667,19587.22,9,1
101533,23149.06,2893.6325,6161.02,8,0
101534,16273.11,4068.2775,8069.65,4,0
101535,11405.8,2851.45,7734.63,4,0
101536,8669.789999999999,1444.965,4420.79,6,0
101537,19710.71,3285.1183333333333,10698.85,6,0
101538,5062.22,1265.555,2385.28,4,0
101539,27821.0,2529.181818181818,6845.12,11,0
101540,4226.12,1408.7066666666667,3596.93,3,0
101541,2156.95,718.9833333333332,1193.96,3,0
101542,29823.4,2982.34,6712.55,10,0
101543,29640.35,4234.335714285714,6325.18,7,0
101544,4197.48,2098.74,4045.47,2,0
101545,9270.369999999999,1854.0739999999998,3409.49,5,0
101546,7559.78,2519.9266666666667,5654.25,3,0
101547,21212.300000000003,3030.3285714285716,10211.93,7,0
101548,25882.24,2875.8044444444445,7136.84,9,0
101549,10988.69,1831.4483333333335,4087.31,6,0
101550,24103.02,3012.8775,6199.33,8,0
101551,28677.6,5735.5199999999995,13048.03,5,0
101552,5633.219999999999,1408.3049999999998,2546.37,4,0
101553,1143.25,1143.25,1143.25,1,0
101554,12799.41,2559.882,4657.22,5,0
101555,34242.03,3804.67,13324.27,9,0
101556,27617.41,3068.601111111111,7214.17,9,0
101557,35430.21,5905.035,17286.45,6,1
101558,9724.2,1944.8400000000001,6659.47,5,0
101559,12491.15,4163.716666666666,7243.37,3,0
101560,49063.95,4088.6625,11082.21,12,0
101561,21404.84,4280.968,8409.86,5,0
101562,15414.86,3082.972,8522.53,5,0
101563,15579.91,3894.9775,6319.6,4,0
101564,14492.26,2415.3766666666666,6379.43,6,0
101565,27582.670000000002,3447.8337500000002,8000.01,8,0
101566,7998.6900000000005,1599.738,3215.97,5,0
101567,28320.49,4045.784285714286,10241.84,7,0
101568,24785.22,3098.1525,7344.31,8,0
101569,17684.77,2947.4616666666666,5213.71,6,0
101570,17596.23,2513.747142857143,6020.6,7,0
101571,35968.270000000004,3996.474444444445,15690.2,9,0
101572,28097.45,2809.745,4861.36,10,0
101573,40587.36,4058.736,12156.46,10,0
101574,8347.83,8347.83,8347.83,1,0
101575,22529.39,5632.3475,10734.97,4,0
101576,32841.04,3649.0044444444447,9249.43,9,0
101577,30895.02,3089.502,10068.39,10,0
101578,9845.599999999999,2461.3999999999996,5501.65,4,0
101579,13597.49,2719.498,5605.15,5,0
101580,10247.5,2049.5,4193.85,5,0
101581,29405.0,3267.222222222222,12720.54,9,0
101582,8699.029999999999,1739.8059999999998,3910.24,5,0
101583,16856.579999999998,5618.86,10718.56,3,0
101584,17987.02,2569.574285714286,6930.54,7,0
101585,29881.62,3735.2025,7092.25,8,0
101586,16045.1,4011.275,7907.06,4,0
101587,10364.949999999999,3454.983333333333,5732.82,3,0
101588,38046.37,4227.374444444445,15436.24,9,0
101589,33745.03,4820.7185714285715,9131.88,7,0
101590,7711.84,1927.96,4679.12,4,0
101591,20530.6,2566.325,8428.57,8,0
101592,3520.1499999999996,1760.0749999999998,2214.06,2,0
101593,19523.57,3904.714,8997.26,5,0
101594,19832.59,1983.259,7398.08,10,0
101595,16837.09,3367.418,7068.58,5,0
101596,27785.67,3087.2966666666666,14671.38,9,0
101597,26130.71,3732.9585714285713,9713.07,7,0
101598,13704.0,2740.8,6399.74,5,0
101599,20386.94,3397.8233333333333,8056.79,6,0
101600,25841.36,2871.262222222222,7229.59,9,0
101601,30810.71,4401.53,11117.58,7,0
101602,32673.27,4084.15875,8359.26,8,0
101603,9255.4,2313.85,4095.83,4,0
101604,24716.47,2471.647,8465.9,10,0
101605,15453.75,1545.375,4577.76,10,0
101606,46959.85,5869.98125,10754.41,8,0
101607,15974.88,2282.1257142857144,4252.17,7,0
101608,26843.579999999998,2982.62,8626.72,9,0
101609,8697.2,8697.2,8697.2,1,0
101610,8145.52,4072.76,5227.26,2,0
101611,13672.760000000002,3418.1900000000005,8656.93,4,0
101612,40324.39,4480.487777777777,20473.66,9,1
101613,43196.03,7199.338333333333,19084.97,6,1
101614,25235.97,4205.995,8901.14,6,0
101615,10465.380000000001,1495.054285714286,5209.13,7,0
101616,23434.2,3347.7428571428572,8394.53,7,0
101617,16997.35,2832.8916666666664,7590.11,6,0
101618,51725.490000000005,7389.355714285715,14661.35,7,0
101619,19992.6,2856.085714285714,7395.18,7,0
101620,28445.83,5689.166,15485.73,5,0
101621,34352.37,2862.6975,6168.95,12,0
101622,20178.68,2522.335,4585.05,8,0
101623,46193.83,4619.383,10895.36,10,0
101624,18325.29,2290.66125,4896.52,8,0
101625,21794.47,3632.411666666667,7230.56,6,0
101626,33890.33,4841.475714285714,16473.3,7,0
101627,36351.28,3304.661818181818,11236.11,11,0
101628,13788.28,1969.7542857142857,2426.55,7,0
101629,40398.369999999995,6733.061666666666,25413.87,6,1
101630,21340.46,3048.637142857143,8884.96,7,0
101631,24200.37,4840.074,8912.8,5,0
101632,17474.260000000002,1747.4260000000002,4028.49,10,0
101633,29788.78,4255.54,14265.9,7,0
101634,29561.0,5912.2,10457.25,5,0
101635,6485.389999999999,2161.7966666666666,2809.71,3,0
101636,6536.04,2178.68,3735.36,3,0
101637,24350.49,3043.81125,5425.02,8,0
101638,14370.01,2052.8585714285714,5308.63,7,0
101639,8556.349999999999,2139.0874999999996,4696.98,4,0
101640,15124.25,2160.6071428571427,7101.5,7,0
101641,36624.0,5232.0,20230.07,7,1
101642,8163.049999999999,4081.5249999999996,6738.36,2,0
101643,11516.49,2303.298,5050.54,5,0
101644,876.44,876.44,876.44,1,0
101645,9239.57,2309.8925,6618.09,4,0
101646,9379.83,3126.61,6415.51,3,0
101647,24796.67,2755.1855555555553,5391.49,9,0
101648,38352.83,3835.2830000000004,7640.41,10,0
101649,2215.5,738.5,1214.21,3,0
101650,5818.950000000001,2909.4750000000004,4767.14,2,0
101651,10697.49,2139.498,5403.75,5,0
101652,16465.5,2744.25,9073.51,6,0
101653,9547.3,4773.65,5193.72,2,0
101654,13114.76,1639.345,3449.13,8,0
101655,17072.17,5690.723333333332,9439.66,3,0
101656,17660.079999999998,2943.3466666666664,8613.33,6,0
101657,24732.67,3533.238571428571,7228.64,7,0
101658,27328.0,4554.666666666667,11048.1,6,0
101659,5955.53,1488.8825,2923.98,4,0
101660,36798.56,4088.728888888889,12219.87,9,0
101661,21565.579999999998,3594.263333333333,13079.29,6,0
101662,9749.18,3249.726666666667,4235.23,3,0
101663,18791.69,2087.9655555555555,3908.8,9,0
101664,6096.77,1524.1925,2650.95,4,0
101665,6884.54,1147.4233333333334,2269.66,6,0
101666,6264.29,2088.096666666667,3164.0,3,0
101667,13302.4,1900.3428571428572,5084.62,7,0
101668,17513.87,3502.774,7208.88,5,0
101669,51696.54,6462.0675,17369.19,8,1
101670,42590.73,3871.884545454546,10126.63,11,0
101671,23116.2,3302.3142857142857,8003.19,7,0
101672,29666.09,2966.609,8467.48,10,0
101673,32636.800000000003,4662.400000000001,8372.79,7,0
101674,35914.76,3990.528888888889,11670.42,9,0
101675,14685.14,3671.285,7605.89,4,0
101676,30396.670000000002,3799.5837500000002,17042.24,8,0
101677,4123.33,1030.8325,1903.12,4,0
101678,9006.95,1286.707142857143,2443.81,7,0
101679,19061.39,2723.055714285714,9019.58,7,0
101680,39466.26,3288.855,7054.13,12,0
101681,15024.55,1669.3944444444444,5492.37,9,0
101682,29033.47,4147.638571428572,9718.46,7,0
101683,20796.22,3466.036666666667,6062.89,6,0
101684,6010.46,6010.46,6010.46,1,0
101685,30984.03,3873.00375,8127.55,8,0
101686,24325.94,2211.449090909091,8021.76,11,0
101687,22984.670000000002,3830.7783333333336,6988.0,6,0
101688,23151.29,2893.91125,13349.98,8,0
101689,44387.6,4931.955555555555,8861.64,9,0
101690,19821.79,3964.358,8451.21,5,0
101691,33371.95,3707.994444444444,10729.25,9,0
101692,17162.440000000002,4290.610000000001,9874.69,4,0
101693,16534.47,1653.4470000000001,6372.45,10,0
101694,29921.72,2720.156363636364,6575.13,11,0
101695,8626.650000000001,4313.325000000001,4356.31,2,0
101696,21775.02,4355.004,17338.83,5,1
101697,22755.65,5688.9125,10860.2,4,0
101698,28037.32,7009.33,12913.35,4,0
101699,34493.05,4927.578571428572,11925.52,7,0
101700,22486.86,7495.62,15759.98,3,0
101701,47541.17,4754.117,15495.94,10,0
101702,37238.82,3385.347272727273,11467.58,11,0
101703,194712.23,38942.446,178055.40000000002,5,1
101704,7720.05,1930.0125,3784.41,4,0
101705,15984.0,3196.8,6650.84,5,0
101706,22396.97,3732.8283333333334,7704.98,6,0
101707,27621.2,6905.3,11222.12,4,0
101708,19531.46,4882.865,10935.23,4,0
101709,5838.030000000001,1167.6060000000002,3113.25,5,0
101710,11044.619999999999,5522.3099999999995,9049.14,2,0
101711,28066.489999999998,4677.748333333333,10868.94,6,0
101712,21230.09,4246.018,7185.65,5,0
101713,6351.37,1587.8425,3748.58,4,0
101714,21635.43,4327.086,13580.06,5,0
101715,41093.29,4565.921111111111,19528.64,9,1
101716,37805.7,4200.633333333333,15109.12,9,0
101717,23386.83,2598.536666666667,7431.96,9,0
101718,55940.15,7991.45,18359.22,7,2
101719,6349.469999999999,2116.49,2867.41,3,0
101720,22986.17,2873.27125,8411.49,8,0
101721,25351.8,3621.6857142857143,9504.35,7,0
101722,18461.46,2051.273333333333,6281.4,9,0
101723,7023.74,1755.935,2798.5,4,0
101724,54832.62,4984.783636363637,13693.37,11,0
101725,17294.57,3458.9139999999998,12482.09,5,0
101726,4915.98,1228.995,3096.03,4,0
101727,16596.1,3319.22,6643.5,5,0
101728,10817.26,3605.7533333333336,4477.89,3,0
101729,4838.65,1209.6625,2684.33,4,0
101730,19316.079999999998,4829.0199999999995,8934.15,4,0
101731,28177.41,3522.17625,7222.53,8,0
101732,15988.18,3997.045,8815.47,4,0
101733,19096.29,2728.0414285714287,5442.13,7,0
101734,10230.23,1705.0383333333332,3582.56,6,0
101735,12839.76,2567.952,4684.04,5,0
101736,5516.93,1838.9766666666667,4361.62,3,0
101737,28825.77,3603.22125,7585.67,8,0
101738,36417.98,5202.568571428572,12748.6,7,0
101739,43126.24,3593.853333333333,8918.86,12,0
101740,16135.02,4033.755,5111.57,4,0
101741,5823.07,2911.535,4277.12,2,0
101742,27701.699999999997,4616.95,11483.1,6,0
101743,17731.36,4432.84,9437.42,4,0
101744,36894.37,4611.79625,12307.35,8,0
101745,11766.26,2941.565,6169.75,4,0
101746,41890.01,3222.308461538462,10190.15,13,0
101747,14116.02,3529.005,6691.52,4,0
101748,5802.24,1160.4479999999999,1555.62,5,0
101749,9493.26,1582.21,2488.35,6,0
101750,11787.58,1964.5966666666666,6367.16,6,0
101751,18351.46,3058.5766666666664,7482.53,6,0
101752,30856.6,3857.075,9790.82,8,0
101753,22684.85,2835.60625,6167.44,8,0
101754,15201.97,7600.985,9346.98,2,0
101755,13359.859999999999,2226.643333333333,5306.53,6,0
101756,116151.03,16593.004285714287,102578.0,7,1
101757,5012.22,1670.74,3913.79,3,0
101758,4235.1,1411.7,3601.75,3,0
101759,19885.66,2840.808571428571,6985.48,7,0
101760,23670.25,3945.0416666666665,11162.32,6,0
101761,24723.43,3090.42875,7160.73,8,0
101762,32824.83,4689.261428571429,12536.6,7,0
101763,31525.98,3940.7475,9374.31,8,0
101764,22655.42,7551.806666666666,14014.88,3,0
101765,23712.690000000002,5928.172500000001,10594.08,4,0
101766,43853.71,5481.71375,13425.72,8,0
101767,37617.479999999996,4702.1849999999995,12300.5,8,0
101768,8881.810000000001,2960.603333333334,5973.17,3,0
101769,29519.41,5903.882,14609.38,5,0
101770,46679.44,5186.604444444445,14043.88,9,0
101771,26277.75,2919.75,8667.76,9,0
101772,31596.18,3949.5225,9034.67,8,0
101773,2583.47,861.1566666666666,2166.58,3,0
101774,39139.72,5591.388571428572,14369.82,7,0
101775,12014.769999999999,2402.9539999999997,5585.73,5,0
101776,33170.39,4146.29875,18945.76,8,1
101777,20468.350000000002,2924.05,8060.38,7,0
101778,38459.42,4807.4275,8897.49,8,0
101779,3374.16,1687.08,3034.1,2,0
101780,6828.94,3414.47,3534.24,2,0
101781,13242.18,1655.2725,3246.97,8,0
101782,15504.14,2584.023333333333,6519.75,6,0
101783,12358.23,2059.705,5576.6,6,0
101784,6952.820000000001,3476.4100000000003,6711.8,2,0
101785,6941.429999999999,1735.3574999999998,3137.39,4,0
101786,18154.52,3630.904,10974.63,5,0
101787,9706.9,1941.3799999999999,3112.55,5,0
101788,14302.86,2860.572,7878.79,5,0
101789,33338.53,4167.31625,10174.78,8,0
101790,10770.99,2154.198,5221.71,5,0
101791,22766.12,3794.353333333333,9438.92,6,0
101792,23846.98,3974.4966666666664,13127.9,6,0
101793,30303.57,6060.714,10870.45,5,0
101794,15538.6,2589.766666666667,7180.02,6,0
101795,12439.560000000001,3109.8900000000003,5790.03,4,0
101796,11038.86,3679.6200000000003,7165.59,3,0
101797,45071.380000000005,5007.931111111112,12665.76,9,0
101798,20688.86,4137.772,8194.69,5,0
101799,22092.940000000002,5523.235000000001,8846.86,4,0
101800,14442.22,2407.0366666666664,4037.71,6,0
101801,18583.27,3716.654,7362.25,5,0
101802,25646.91,6411.7275,13737.52,4,0
101803,16813.05,2802.1749999999997,4718.39,6,0
101804,30109.6,4301.371428571429,7497.94,7,0
101805,32273.75,8068.4375,13365.04,4,0
101806,18127.22,3625.4440000000004,8359.19,5,0
101807,30066.289999999997,3758.2862499999997,12770.63,8,0
101808,34699.0,6939.8,17749.11,5,1
101809,35149.94,2703.8415384615387,7216.36,13,0
101810,9371.25,1874.25,4691.86,5,0
101811,9315.61,1863.122,4294.75,5,0
101812,23774.62,4754.924,9792.94,5,0
101813,19659.87,2808.552857142857,6747.2,7,0
101814,36561.01,4570.12625,9686.41,8,0
101815,28497.33,7124.3325,17936.04,4,1
101816,19814.550000000003,3962.9100000000008,8819.34,5,0
101817,33449.380000000005,5574.896666666667,8817.37,6,0
101818,22018.32,4403.664,10917.55,5,0
101819,16307.79,3261.558,5981.65,5,0
101820,1332.88,666.44,1002.83,2,0
101821,12908.0,3227.0,5125.88,4,0
101822,17495.66,3499.132,9456.94,5,0
101823,13116.12,2623.224,11123.32,5,0
101824,3238.88,1079.6266666666668,2028.79,3,0
101825,54326.99,4527.2491666666665,11311.47,12,0
101826,2530.37,1265.185,2279.7,2,0
101827,27953.02,3105.891111111111,6574.96,9,0
101828,20088.48,2511.06,7260.43,8,0
101829,26157.03,4359.505,12433.86,6,0
101830,10806.16,1801.0266666666666,6141.34,6,0
101831,36069.32,4508.665,8967.26,8,0
101832,9095.82,2273.955,5252.95,4,0
101833,13861.69,2310.2816666666668,6704.64,6,0
101834,2561.15,1280.575,1786.52,2,0
101835,24947.44,4157.906666666667,10185.28,6,0
101836,39874.54,3624.958181818182,14556.36,11,0
101837,18429.07,3685.814,12016.07,5,0
101838,29685.01,4240.715714285714,8135.98,7,0
101839,48725.72,4060.476666666667,15446.8,12,0
101840,10103.26,2525.815,4088.73,4,0
101841,13847.5,1978.2142857142858,10196.42,7,0
101842,46806.74,4680.674,11768.75,10,0
101843,1561.56,780.78,999.38,2,0
101844,8098.84,2024.71,4766.85,4,0
101845,19979.420000000002,4994.8550000000005,10880.76,4,0
101846,29700.78,3712.5975,15631.74,8,0
101847,102881.15000000001,14697.307142857144,89979.40000000001,7,1
101848,24486.87,3060.85875,9028.95,8,0
101849,20252.82,4050.564,9535.18,5,0
101850,7134.16,1783.54,3387.76,4,0
101851,8309.85,2077.4625,2964.33,4,0
101852,20345.489999999998,5086.3724999999995,6666.4,4,0
101853,11927.16,2981.79,5236.6,4,0
101854,20154.85,2239.4277777777775,6335.28,9,0
101855,43844.880000000005,5480.610000000001,24732.58,8,1
101856,43636.25,4363.625,18513.41,10,1
101857,11161.7,2790.425,5821.25,4,0
101858,15420.73,2570.1216666666664,8591.31,6,0
101859,26297.79,3287.22375,7635.8,8,0
101860,33328.14,4761.162857142857,13382.0,7,0
101861,8860.43,1772.086,5113.43,5,0
101862,17382.54,3476.5080000000003,11585.28,5,0
101863,15410.970000000001,2568.4950000000003,5873.64,6,0
101864,21146.18,3020.882857142857,6726.12,7,0
101865,14882.84,2480.4733333333334,7511.52,6,0
101866,47909.57,4355.415454545455,14872.07,11,0
101867,39226.380000000005,4358.486666666668,8483.92,9,0
101868,6854.3,3427.15,4062.19,2,0
101869,32363.690000000002,6472.738,9883.22,5,0
101870,36738.649999999994,5248.3785714285705,11511.15,7,0
101871,7678.41,2559.47,4521.62,3,0
101872,17765.21,1973.9122222222222,4624.86,9,0
101873,20299.64,3383.273333333333,5770.15,6,0
101874,19992.88,2856.1257142857144,7411.88,7,0
101875,11118.6,2223.7200000000003,7647.91,5,0
101876,39915.3,4435.033333333334,13594.4,9,0
101877,25283.1,5056.62,9036.6,5,0
101878,16095.81,4023.9525,10193.93,4,0
101879,17258.57,3451.714,5182.99,5,0
101880,35426.05,5904.341666666667,17785.73,6,1
101881,7962.1900000000005,2654.0633333333335,3575.4,3,0
101882,34088.08,5681.346666666667,13580.63,6,0
101883,8868.119999999999,4434.0599999999995,6276.42,2,0
101884,17236.3,2872.7166666666667,4214.63,6,0
101885,19654.190000000002,3275.6983333333337,6937.87,6,0
101886,11147.7,2786.925,4749.33,4,0
101887,35148.52,3514.852,11169.06,10,0
101888,19196.26,1745.1145454545454,4574.59,11,0
101889,17072.89,3414.578,10532.42,5,0
101890,15736.4,2248.057142857143,7282.37,7,0
101891,12168.19,3042.0475,6209.36,4,0
101892,61184.18,6798.242222222222,23612.44,9,1
101893,12011.14,1501.3925,2891.63,8,0
101894,19699.81,2462.47625,6169.68,8,0
101895,13439.699999999999,2687.9399999999996,8521.05,5,0
101896,26609.6,2217.4666666666667,8815.62,12,0
101897,32625.47,3625.0522222222226,14147.33,9,0
101898,7561.44,2520.48,3372.97,3,0
101899,11337.88,2267.576,9809.72,5,0
101900,25632.17,2563.2169999999996,6882.54,10,0
101901,8413.75,4206.875,4289.05,2,0
101902,30323.739999999998,4331.962857142857,13247.22,7,0
101903,28786.34,3198.4822222222224,9465.74,9,0
101904,6534.81,1633.7025,4458.35,4,0
101905,16507.29,2063.41125,4014.91,8,0
101906,14017.83,2803.566,8400.02,5,0
101907,11577.49,3859.1633333333334,8809.8,3,0
101908,18893.83,4723.4575,12308.86,4,0
101909,35152.55,3905.8388888888894,9008.26,9,0
101910,29173.23,3646.65375,11039.27,8,0
101911,32007.33,6401.466,15280.72,5,0
101912,16747.06,1674.7060000000001,4585.35,10,0
101913,21995.48,5498.87,11218.83,4,0
101914,5691.05,1422.7625,2898.74,4,0
101915,17353.48,3470.696,13575.21,5,0
101916,30191.21,7547.8025,12111.52,4,0
101917,25589.31,5117.862,10751.7,5,0
101918,12563.43,2512.686,7674.66,5,0
101919,8251.11,2062.7775,3030.19,4,0
101920,31499.94,5249.99,12276.02,6,0
101921,33903.740000000005,8475.935000000001,15229.52,4,0
101922,54885.979999999996,4989.634545454545,12520.93,11,0
101923,9018.560000000001,3006.186666666667,3557.55,3,0
101924,6471.64,2157.2133333333336,3048.55,3,0
101925,35544.76,4443.095,15515.0,8,0
101926,9471.960000000001,1578.66,3715.23,6,0
101927,28621.46,2862.1459999999997,6066.43,10,0
101928,18793.97,3132.3283333333334,8110.59,6,0
101929,40187.46,4018.746,23193.51,10,1
101930,23661.19,4732.237999999999,7316.0,5,0
101931,22967.69,5741.9225,9201.93,4,0
101932,16546.74,2757.7900000000004,8969.28,6,0
101933,132295.21,18899.315714285713,119585.2,7,1
101934,30919.73,3091.973,12015.13,10,0
101935,24751.55,4125.258333333333,14253.17,6,0
101936,28285.920000000002,4040.8457142857146,13486.28,7,0
101937,14202.2,1775.275,3660.02,8,0
101938,28864.54,3608.0675,7064.83,8,0
101939,21235.47,3539.2450000000003,12124.95,6,0
101940,18802.06,4700.515,9878.67,4,0
101941,14661.2,2932.2400000000002,6411.37,5,0
101942,36705.92,5243.702857142857,9920.66,7,0
101943,31948.03,5324.671666666666,19145.0,6,1
101944,14009.42,2801.884,6255.91,5,0
101945,19178.91,3835.782,10300.55,5,0
101946,28482.17,3560.27125,10238.86,8,0
101947,25776.55,5155.3099999999995,9942.73,5,0
101948,39901.149999999994,3990.1149999999993,20246.6,10,1
101949,15337.58,1533.758,3682.6,10,0
101950,5380.98,2690.49,4204.87,2,0
101951,14906.289999999999,2981.258,9272.14,5,0
101952,11002.19,1571.7414285714287,3902.61,7,0
101953,18271.26,3654.2519999999995,4996.33,5,0
101954,19280.22,4820.055,8876.93,4,0
101955,14362.529999999999,2393.7549999999997,5556.04,6,0
101956,45179.479999999996,5647.4349999999995,10377.63,8,0
101957,34017.52,4859.645714285713,14089.81,7,0
101958,25827.35,3689.621428571428,9333.58,7,0
101959,22095.3,3156.4714285714285,7897.55,7,0
101960,3207.2200000000003,801.8050000000001,1839.02,4,0
101961,24899.86,24899.86,24899.86,1,1
101962,42789.86,6112.837142857143,16392.53,7,0
101963,21378.579999999998,1943.5072727272725,6012.24,11,0
101964,33760.54,4220.0675,14573.52,8,0
101965,7174.31,1434.862,3611.58,5,0
101966,10844.73,1807.455,4741.78,6,0
101967,35323.98,4415.4975,13200.26,8,0
101968,9711.77,2427.9425,5006.38,4,0
101969,7083.0,1011.8571428571429,2302.28,7,0
101970,28852.79,2885.279,7262.88,10,0
101971,27938.7,3104.3,10296.68,9,0
101972,21974.68,2746.835,9747.51,8,0
101973,47361.759999999995,6765.965714285713,23238.69,7,1
101974,4322.43,1440.8100000000002,3358.61,3,0
101975,36808.81,4601.10125,10111.27,8,0
101976,25126.69,3140.83625,5758.61,8,0
101977,27685.81,3076.2011111111115,10072.66,9,0
101978,14066.36,2813.272,4431.79,5,0
101979,22935.77,2866.97125,6878.92,8,0
101980,23158.510000000002,7719.503333333334,18470.77,3,1
101981,17902.37,3580.4739999999997,8667.8,5,0
101982,38567.75,3506.159090909091,7608.63,11,0
101983,22067.69,3152.5271428571427,9366.77,7,0
101984,21202.87,3028.9814285714283,10192.14,7,0
101985,55000.840000000004,5500.084000000001,12375.12,10,0
101986,9556.68,2389.17,2736.29,4,0
101987,60675.81,5515.982727272727,13855.89,11,0
101988,7276.88,1819.22,3430.04,4,0
101989,21551.18,7183.7266666666665,10135.66,3,0
101990,25928.75,8642.916666666666,16830.45,3,0
101991,23394.91,3899.1516666666666,9099.24,6,0
101992,7560.73,3780.365,7520.04,2,0
101993,44232.64,5529.08,16216.31,8,0
101994,29340.77,4191.538571428571,14047.9,7,0
101995,23689.83,5922.4575,20887.7,4,1
101996,29554.53,3694.31625,9082.4,8,0
101997,9156.21,4578.105,7589.32,2,0
101998,17428.9,4357.225,13149.17,4,0
101999,27867.66,5573.532,15036.84,5,0
