credit_profile_id,customer_id,credit_limit,credit_score,utilization_ratio
500000,100000,150000.00,337,0.27
500001,100001,150000.00,438,1.10
500002,100002,50000.00,494,0.65
500003,100003,200000.00,826,0.96
500004,100004,75000.00,300,0.31
500005,100005,50000.00,NULL,0.61
500006,100006,200000.00,395,0.46
500007,100007,75000.00,712,1.00
500008,100008,150000.00,837,0.08
500009,100009,75000.00,728,0.33
500010,100010,300000.00,534,0.23
500011,100011,100000.00,648,1.04
500012,100012,75000.00,780,0.59
500013,100013,100000.00,695,0.51
500014,100014,75000.00,650,0.57
500015,100015,100000.00,715,1.17
500016,100016,300000.00,350,1.03
500017,100017,150000.00,NULL,0.86
500018,100018,200000.00,335,0.38
500019,100019,100000.00,366,0.24
500020,100020,300000.00,780,1.11
500021,100021,100000.00,NULL,0.54
500022,100022,150000.00,441,0.37
500023,100023,100000.00,655,0.59
500024,100024,300000.00,770,1.11
500025,100025,300000.00,890,0.50
500026,100026,50000.00,738,0.70
500027,100027,150000.00,830,0.97
500028,100028,50000.00,426,0.54
500029,100029,150000.00,NULL,0.32
500030,100030,100000.00,328,1.19
500031,100031,300000.00,744,1.15
500032,100032,50000.00,763,1.02
500033,100033,100000.00,579,0.84
500034,100034,300000.00,450,0.39
500035,100035,150000.00,539,1.10
500036,100036,300000.00,565,0.37
500037,100037,100000.00,404,0.97
500038,100038,50000.00,732,1.11
500039,100039,50000.00,796,0.74
500040,100040,300000.00,739,0.97
500041,100041,100000.00,457,0.96
500042,100042,75000.00,471,0.27
500043,100043,150000.00,NULL,0.82
500044,100044,150000.00,610,0.16
500045,100045,100000.00,702,0.63
500046,100046,75000.00,762,0.24
500047,100047,50000.00,666,0.53
500048,100048,200000.00,849,1.01
500049,100049,200000.00,554,1.19
500050,100050,100000.00,507,0.42
500051,100051,75000.00,749,0.66
500052,100052,75000.00,394,0.64
500053,100053,150000.00,NULL,1.15
500054,100054,50000.00,489,0.60
500055,100055,300000.00,783,0.85
500056,100056,75000.00,835,1.11
500057,100057,300000.00,722,0.48
500058,100058,200000.00,432,1.09
500059,100059,300000.00,354,1.11
500060,100060,50000.00,809,1.12
500061,100061,50000.00,840,0.36
500062,100062,300000.00,709,0.51
500063,100063,100000.00,510,1.05
500064,100064,75000.00,592,0.46
500065,100065,100000.00,414,0.74
500066,100066,300000.00,558,0.19
500067,100067,75000.00,421,0.11
500068,100068,150000.00,598,0.52
500069,100069,100000.00,680,0.72
500070,100070,100000.00,860,0.50
500071,100071,300000.00,800,0.71
500072,100072,200000.00,596,0.64
500073,100073,300000.00,661,0.84
500074,100074,100000.00,888,0.80
500075,100075,75000.00,762,0.54
500076,100076,200000.00,NULL,0.54
500077,100077,300000.00,NULL,0.21
500078,100078,300000.00,496,0.64
500079,100079,100000.00,520,0.73
500080,100080,100000.00,390,0.60
500081,100081,150000.00,710,0.42
500082,100082,300000.00,307,0.88
500083,100083,100000.00,843,0.14
500084,100084,50000.00,767,1.10
500085,100085,200000.00,619,0.07
500086,100086,50000.00,693,1.16
500087,100087,200000.00,568,0.58
500088,100088,300000.00,490,0.52
500089,100089,150000.00,360,0.34
500090,100090,100000.00,737,0.06
500091,100091,100000.00,563,0.37
500092,100092,100000.00,394,0.18
500093,100093,300000.00,852,0.81
500094,100094,200000.00,769,0.42
500095,100095,100000.00,813,0.93
500096,100096,50000.00,493,0.29
500097,100097,100000.00,781,1.09
500098,100098,300000.00,635,0.65
500099,100099,150000.00,NULL,0.18
500100,100100,50000.00,495,0.51
500101,100101,100000.00,548,0.29
500102,100102,100000.00,797,0.28
500103,100103,75000.00,511,0.63
500104,100104,200000.00,765,0.82
500105,100105,50000.00,520,1.10
500106,100106,75000.00,572,0.63
500107,100107,150000.00,453,1.16
500108,100108,200000.00,548,1.13
500109,100109,50000.00,578,1.04
500110,100110,100000.00,739,0.62
500111,100111,50000.00,NULL,0.21
500112,100112,100000.00,813,0.30
500113,100113,200000.00,387,0.79
500114,100114,100000.00,804,0.54
500115,100115,150000.00,NULL,0.22
500116,100116,300000.00,540,0.60
500117,100117,100000.00,535,0.07
500118,100118,150000.00,NULL,0.89
500119,100119,300000.00,802,0.13
500120,100120,200000.00,499,0.77
500121,100121,200000.00,842,0.96
500122,100122,50000.00,801,0.20
500123,100123,150000.00,791,0.65
500124,100124,150000.00,320,0.95
500125,100125,75000.00,533,0.35
500126,100126,75000.00,715,0.24
500127,100127,300000.00,447,0.44
500128,100128,300000.00,328,0.69
500129,100129,75000.00,660,0.71
500130,100130,300000.00,NULL,0.20
500131,100131,100000.00,461,0.58
500132,100132,75000.00,360,0.36
500133,100133,150000.00,424,1.02
500134,100134,100000.00,755,0.41
500135,100135,300000.00,370,1.01
500136,100136,200000.00,765,0.54
500137,100137,50000.00,NULL,0.89
500138,100138,75000.00,789,0.64
500139,100139,200000.00,520,0.77
500140,100140,300000.00,772,0.50
500141,100141,150000.00,832,0.93
500142,100142,50000.00,793,0.54
500143,100143,200000.00,381,0.58
500144,100144,50000.00,821,0.65
500145,100145,75000.00,311,1.01
500146,100146,300000.00,562,0.81
500147,100147,150000.00,748,0.45
500148,100148,300000.00,NULL,0.82
500149,100149,50000.00,413,0.79
500150,100150,200000.00,325,1.12
500151,100151,75000.00,798,1.02
500152,100152,75000.00,807,0.79
500153,100153,300000.00,844,0.44
500154,100154,200000.00,361,0.95
500155,100155,200000.00,528,0.71
500156,100156,50000.00,334,1.18
500157,100157,300000.00,755,0.33
500158,100158,300000.00,887,0.14
500159,100159,100000.00,801,0.13
500160,100160,300000.00,894,0.79
500161,100161,75000.00,324,1.13
500162,100162,50000.00,868,0.05
500163,100163,200000.00,331,0.88
500164,100164,300000.00,311,0.81
500165,100165,50000.00,618,0.89
500166,100166,300000.00,300,0.46
500167,100167,200000.00,734,0.99
500168,100168,150000.00,435,0.10
500169,100169,200000.00,495,0.92
500170,100170,200000.00,432,0.36
500171,100171,200000.00,385,0.60
500172,100172,300000.00,775,1.00
500173,100173,100000.00,623,0.36
500174,100174,200000.00,479,0.26
500175,100175,75000.00,815,0.83
500176,100176,75000.00,474,0.66
500177,100177,50000.00,NULL,0.64
500178,100178,100000.00,404,0.35
500179,100179,50000.00,877,0.09
500180,100180,75000.00,742,0.52
500181,100181,75000.00,348,0.17
500182,100182,150000.00,827,1.09
500183,100183,200000.00,444,0.10
500184,100184,75000.00,639,0.55
500185,100185,300000.00,653,0.11
500186,100186,300000.00,374,0.16
500187,100187,50000.00,877,0.81
500188,100188,50000.00,618,0.79
500189,100189,200000.00,386,0.09
500190,100190,200000.00,852,0.05
500191,100191,150000.00,341,0.14
500192,100192,100000.00,392,0.93
500193,100193,50000.00,806,0.72
500194,100194,200000.00,828,0.09
500195,100195,50000.00,564,0.61
500196,100196,200000.00,591,0.87
500197,100197,75000.00,763,1.05
500198,100198,50000.00,859,1.12
500199,100199,75000.00,396,0.43
500200,100200,50000.00,394,0.21
500201,100201,100000.00,625,0.32
500202,100202,150000.00,NULL,0.94
500203,100203,300000.00,635,1.17
500204,100204,300000.00,367,0.59
500205,100205,300000.00,376,0.40
500206,100206,75000.00,507,0.54
500207,100207,200000.00,NULL,0.40
500208,100208,300000.00,561,0.34
500209,100209,100000.00,709,0.73
500210,100210,300000.00,630,0.07
500211,100211,50000.00,643,0.35
500212,100212,75000.00,373,0.81
500213,100213,50000.00,553,0.09
500214,100214,50000.00,631,0.15
500215,100215,50000.00,697,0.39
500216,100216,150000.00,644,1.06
500217,100217,150000.00,883,0.93
500218,100218,200000.00,754,0.08
500219,100219,75000.00,414,0.63
500220,100220,100000.00,612,0.37
500221,100221,100000.00,527,0.80
500222,100222,100000.00,544,0.88
500223,100223,50000.00,825,1.04
500224,100224,150000.00,827,0.60
500225,100225,75000.00,726,1.19
500226,100226,50000.00,341,1.18
500227,100227,150000.00,764,1.06
500228,100228,150000.00,577,0.71
500229,100229,300000.00,318,0.51
500230,100230,300000.00,365,0.47
500231,100231,75000.00,466,0.06
500232,100232,75000.00,884,0.34
500233,100233,75000.00,702,0.88
500234,100234,50000.00,708,0.74
500235,100235,200000.00,411,1.10
500236,100236,75000.00,NULL,0.11
500237,100237,300000.00,706,0.23
500238,100238,200000.00,672,0.96
500239,100239,50000.00,896,0.46
500240,100240,200000.00,338,0.19
500241,100241,100000.00,404,1.20
500242,100242,200000.00,623,0.96
500243,100243,75000.00,713,0.52
500244,100244,50000.00,728,1.00
500245,100245,75000.00,360,0.83
500246,100246,300000.00,606,0.96
500247,100247,100000.00,653,0.99
500248,100248,300000.00,692,0.15
500249,100249,75000.00,503,0.77
500250,100250,75000.00,557,0.06
500251,100251,75000.00,NULL,0.10
500252,100252,150000.00,816,1.09
500253,100253,100000.00,745,0.66
500254,100254,75000.00,NULL,0.90
500255,100255,75000.00,641,1.01
500256,100256,300000.00,432,1.14
500257,100257,300000.00,742,1.05
500258,100258,75000.00,552,0.61
500259,100259,50000.00,564,0.44
500260,100260,150000.00,392,0.23
500261,100261,300000.00,710,0.51
500262,100262,50000.00,437,0.47
500263,100263,150000.00,507,0.69
500264,100264,75000.00,872,0.82
500265,100265,100000.00,NULL,1.18
500266,100266,200000.00,565,0.89
500267,100267,200000.00,617,0.79
500268,100268,75000.00,412,0.44
500269,100269,300000.00,677,0.09
500270,100270,50000.00,753,0.38
500271,100271,100000.00,490,0.93
500272,100272,150000.00,739,0.29
500273,100273,75000.00,486,0.87
500274,100274,100000.00,666,0.72
500275,100275,100000.00,NULL,0.25
500276,100276,300000.00,486,0.35
500277,100277,150000.00,431,0.62
500278,100278,100000.00,859,0.53
500279,100279,300000.00,675,0.95
500280,100280,50000.00,398,0.89
500281,100281,300000.00,333,0.71
500282,100282,50000.00,881,1.00
500283,100283,50000.00,NULL,0.70
500284,100284,100000.00,665,1.16
500285,100285,300000.00,358,0.30
500286,100286,50000.00,480,0.87
500287,100287,150000.00,318,0.48
500288,100288,100000.00,525,0.37
500289,100289,300000.00,772,0.26
500290,100290,300000.00,NULL,0.69
500291,100291,200000.00,596,0.30
500292,100292,300000.00,892,0.28
500293,100293,100000.00,474,1.19
500294,100294,150000.00,521,0.97
500295,100295,300000.00,353,0.91
500296,100296,200000.00,702,0.96
500297,100297,100000.00,617,1.16
500298,100298,50000.00,648,0.71
500299,100299,75000.00,742,0.30
500300,100300,75000.00,879,1.04
500301,100301,50000.00,839,0.90
500302,100302,300000.00,581,0.53
500303,100303,75000.00,659,0.59
500304,100304,75000.00,307,0.52
500305,100305,50000.00,862,1.12
500306,100306,300000.00,790,0.45
500307,100307,300000.00,640,1.16
500308,100308,50000.00,NULL,1.10
500309,100309,300000.00,548,0.78
500310,100310,300000.00,534,0.72
500311,100311,100000.00,382,0.48
500312,100312,100000.00,392,0.07
500313,100313,50000.00,693,0.20
500314,100314,150000.00,NULL,0.92
500315,100315,75000.00,716,0.59
500316,100316,100000.00,882,0.22
500317,100317,75000.00,NULL,0.35
500318,100318,200000.00,552,1.14
500319,100319,50000.00,421,0.47
500320,100320,150000.00,309,1.09
500321,100321,200000.00,NULL,0.40
500322,100322,200000.00,572,0.67
500323,100323,300000.00,605,0.07
500324,100324,200000.00,509,0.65
500325,100325,50000.00,763,0.78
500326,100326,100000.00,715,0.32
500327,100327,50000.00,515,0.72
500328,100328,100000.00,379,0.79
500329,100329,200000.00,779,0.84
500330,100330,200000.00,846,0.94
500331,100331,150000.00,317,0.41
500332,100332,100000.00,464,0.70
500333,100333,200000.00,824,1.18
500334,100334,300000.00,501,1.08
500335,100335,75000.00,645,1.15
500336,100336,150000.00,665,0.49
500337,100337,50000.00,NULL,0.95
500338,100338,150000.00,812,0.76
500339,100339,75000.00,618,0.15
500340,100340,100000.00,516,1.00
500341,100341,50000.00,333,0.83
500342,100342,50000.00,565,0.28
500343,100343,100000.00,379,0.14
500344,100344,150000.00,712,1.01
500345,100345,200000.00,NULL,0.14
500346,100346,150000.00,311,0.16
500347,100347,75000.00,700,0.54
500348,100348,300000.00,581,0.21
500349,100349,200000.00,411,1.10
500350,100350,150000.00,677,0.59
500351,100351,300000.00,567,0.70
500352,100352,300000.00,597,1.12
500353,100353,100000.00,616,0.66
500354,100354,75000.00,869,0.46
500355,100355,75000.00,NULL,0.97
500356,100356,75000.00,845,0.56
500357,100357,200000.00,664,0.42
500358,100358,50000.00,846,0.88
500359,100359,200000.00,570,0.97
500360,100360,150000.00,773,0.96
500361,100361,300000.00,836,1.17
500362,100362,300000.00,533,0.95
500363,100363,50000.00,358,0.94
500364,100364,150000.00,550,1.04
500365,100365,50000.00,385,0.05
500366,100366,300000.00,689,0.47
500367,100367,200000.00,479,0.90
500368,100368,75000.00,448,0.74
500369,100369,300000.00,882,0.25
500370,100370,100000.00,420,0.40
500371,100371,75000.00,555,0.44
500372,100372,300000.00,NULL,0.70
500373,100373,200000.00,358,1.01
500374,100374,50000.00,368,1.12
500375,100375,75000.00,745,0.91
500376,100376,200000.00,687,1.02
500377,100377,150000.00,385,0.59
500378,100378,100000.00,526,0.50
500379,100379,75000.00,892,0.50
500380,100380,50000.00,483,0.76
500381,100381,150000.00,621,0.19
500382,100382,200000.00,617,0.72
500383,100383,100000.00,865,0.81
500384,100384,50000.00,698,0.55
500385,100385,200000.00,592,1.15
500386,100386,200000.00,592,0.75
500387,100387,75000.00,784,0.30
500388,100388,75000.00,746,0.60
500389,100389,50000.00,NULL,0.83
500390,100390,300000.00,807,0.42
500391,100391,300000.00,NULL,0.14
500392,100392,200000.00,719,0.72
500393,100393,75000.00,453,1.14
500394,100394,100000.00,723,0.61
500395,100395,100000.00,572,1.09
500396,100396,200000.00,NULL,1.01
500397,100397,75000.00,427,0.22
500398,100398,50000.00,672,0.86
500399,100399,50000.00,867,0.55
500400,100400,50000.00,458,0.34
500401,100401,100000.00,870,0.84
500402,100402,75000.00,869,0.90
500403,100403,75000.00,475,0.26
500404,100404,100000.00,510,1.10
500405,100405,50000.00,746,0.91
500406,100406,50000.00,885,1.12
500407,100407,200000.00,466,0.41
500408,100408,300000.00,759,1.13
500409,100409,150000.00,656,0.47
500410,100410,300000.00,603,0.11
500411,100411,75000.00,532,0.93
500412,100412,75000.00,NULL,0.86
500413,100413,75000.00,481,0.74
500414,100414,300000.00,633,0.61
500415,100415,150000.00,328,0.09
500416,100416,200000.00,392,0.77
500417,100417,300000.00,629,0.53
500418,100418,150000.00,483,0.69
500419,100419,50000.00,394,0.54
500420,100420,50000.00,652,1.16
500421,100421,75000.00,564,0.74
500422,100422,100000.00,318,0.91
500423,100423,75000.00,798,1.13
500424,100424,100000.00,438,0.73
500425,100425,150000.00,872,0.06
500426,100426,50000.00,824,0.09
500427,100427,300000.00,554,0.86
500428,100428,100000.00,384,0.37
500429,100429,150000.00,757,0.72
500430,100430,50000.00,831,0.28
500431,100431,300000.00,861,0.36
500432,100432,100000.00,391,0.63
500433,100433,75000.00,899,1.17
500434,100434,75000.00,368,0.76
500435,100435,75000.00,336,1.13
500436,100436,150000.00,439,1.15
500437,100437,75000.00,865,0.29
500438,100438,200000.00,477,0.41
500439,100439,50000.00,436,0.94
500440,100440,150000.00,489,1.05
500441,100441,300000.00,NULL,0.65
500442,100442,75000.00,858,1.19
500443,100443,50000.00,304,0.06
500444,100444,100000.00,556,0.39
500445,100445,75000.00,542,0.77
500446,100446,50000.00,714,0.59
500447,100447,200000.00,642,0.18
500448,100448,100000.00,678,0.47
500449,100449,200000.00,893,0.08
500450,100450,300000.00,445,0.79
500451,100451,50000.00,622,1.08
500452,100452,200000.00,421,1.07
500453,100453,300000.00,551,0.85
500454,100454,50000.00,610,0.59
500455,100455,50000.00,774,0.64
500456,100456,200000.00,869,0.21
500457,100457,50000.00,791,0.44
500458,100458,75000.00,NULL,0.27
500459,100459,50000.00,646,0.99
500460,100460,150000.00,786,1.10
500461,100461,300000.00,772,0.67
500462,100462,50000.00,681,0.89
500463,100463,150000.00,579,0.19
500464,100464,50000.00,371,0.75
500465,100465,50000.00,820,0.86
500466,100466,200000.00,665,0.57
500467,100467,75000.00,393,0.33
500468,100468,300000.00,NULL,1.06
500469,100469,75000.00,638,0.90
500470,100470,100000.00,736,1.08
500471,100471,200000.00,635,0.99
500472,100472,200000.00,791,1.19
500473,100473,75000.00,339,0.27
500474,100474,200000.00,658,0.15
500475,100475,75000.00,873,0.44
500476,100476,200000.00,553,0.20
500477,100477,50000.00,880,0.65
500478,100478,75000.00,697,0.78
500479,100479,75000.00,469,0.72
500480,100480,150000.00,810,0.35
500481,100481,200000.00,559,1.10
500482,100482,200000.00,883,0.07
500483,100483,75000.00,758,0.45
500484,100484,50000.00,828,0.88
500485,100485,50000.00,640,0.93
500486,100486,300000.00,356,0.53
500487,100487,50000.00,517,0.07
500488,100488,200000.00,763,0.76
500489,100489,150000.00,546,0.12
500490,100490,75000.00,672,0.17
500491,100491,100000.00,716,0.80
500492,100492,150000.00,330,0.41
500493,100493,100000.00,667,0.45
500494,100494,150000.00,858,0.61
500495,100495,50000.00,407,1.18
500496,100496,200000.00,NULL,1.16
500497,100497,100000.00,717,0.53
500498,100498,150000.00,697,0.36
500499,100499,200000.00,571,0.40
500500,100500,100000.00,415,0.36
500501,100501,75000.00,885,0.66
500502,100502,150000.00,555,0.75
500503,100503,75000.00,380,0.61
500504,100504,50000.00,427,0.52
500505,100505,75000.00,534,0.29
500506,100506,75000.00,852,0.60
500507,100507,300000.00,480,0.44
500508,100508,150000.00,456,0.67
500509,100509,50000.00,753,0.83
500510,100510,75000.00,870,0.78
500511,100511,200000.00,323,0.58
500512,100512,100000.00,772,0.69
500513,100513,75000.00,699,0.38
500514,100514,50000.00,891,0.08
500515,100515,75000.00,433,0.77
500516,100516,100000.00,720,0.34
500517,100517,50000.00,512,0.82
500518,100518,150000.00,781,0.91
500519,100519,50000.00,647,1.10
500520,100520,150000.00,465,1.15
500521,100521,50000.00,647,0.06
500522,100522,100000.00,697,1.19
500523,100523,100000.00,NULL,0.84
500524,100524,50000.00,734,0.79
500525,100525,75000.00,876,0.07
500526,100526,100000.00,520,1.04
500527,100527,150000.00,607,0.22
500528,100528,150000.00,765,1.01
500529,100529,200000.00,398,0.07
500530,100530,300000.00,541,0.79
500531,100531,300000.00,457,0.55
500532,100532,300000.00,853,0.28
500533,100533,150000.00,526,0.17
500534,100534,200000.00,722,0.56
500535,100535,300000.00,371,0.19
500536,100536,300000.00,542,0.61
500537,100537,50000.00,829,0.77
500538,100538,50000.00,888,1.00
500539,100539,50000.00,344,0.83
500540,100540,75000.00,NULL,0.12
500541,100541,300000.00,670,0.40
500542,100542,75000.00,NULL,0.38
500543,100543,200000.00,321,1.10
500544,100544,150000.00,471,1.05
500545,100545,300000.00,NULL,0.48
500546,100546,150000.00,376,0.13
500547,100547,50000.00,580,1.08
500548,100548,300000.00,663,1.07
500549,100549,100000.00,478,1.03
500550,100550,75000.00,537,1.02
500551,100551,75000.00,434,0.60
500552,100552,300000.00,579,0.25
500553,100553,50000.00,318,0.60
500554,100554,75000.00,894,0.62
500555,100555,50000.00,670,0.61
500556,100556,200000.00,411,0.67
500557,100557,150000.00,520,0.35
500558,100558,100000.00,603,0.47
500559,100559,150000.00,624,0.55
500560,100560,150000.00,736,0.20
500561,100561,200000.00,737,0.57
500562,100562,75000.00,469,0.98
500563,100563,100000.00,674,1.00
500564,100564,75000.00,856,0.52
500565,100565,300000.00,680,0.65
500566,100566,150000.00,313,0.09
500567,100567,300000.00,799,0.83
500568,100568,50000.00,690,0.52
500569,100569,150000.00,848,0.56
500570,100570,75000.00,864,1.05
500571,100571,150000.00,829,0.58
500572,100572,50000.00,791,0.07
500573,100573,200000.00,849,0.31
500574,100574,300000.00,684,0.60
500575,100575,300000.00,495,0.54
500576,100576,75000.00,599,1.04
500577,100577,150000.00,846,0.67
500578,100578,75000.00,607,0.84
500579,100579,200000.00,551,0.59
500580,100580,150000.00,NULL,0.56
500581,100581,150000.00,507,0.56
500582,100582,75000.00,430,0.52
500583,100583,75000.00,325,0.67
500584,100584,50000.00,753,0.34
500585,100585,200000.00,485,1.07
500586,100586,50000.00,783,0.43
500587,100587,300000.00,350,0.22
500588,100588,150000.00,304,0.16
500589,100589,75000.00,888,0.07
500590,100590,150000.00,459,0.54
500591,100591,150000.00,507,0.27
500592,100592,100000.00,556,0.07
500593,100593,300000.00,NULL,0.65
500594,100594,100000.00,310,0.83
500595,100595,150000.00,307,0.15
500596,100596,75000.00,708,0.58
500597,100597,150000.00,331,0.91
500598,100598,300000.00,839,1.18
500599,100599,100000.00,686,0.82
500600,100600,75000.00,527,0.33
500601,100601,150000.00,774,0.87
500602,100602,200000.00,NULL,0.74
500603,100603,300000.00,617,0.29
500604,100604,300000.00,856,1.03
500605,100605,200000.00,647,0.54
500606,100606,150000.00,533,1.16
500607,100607,300000.00,343,0.88
500608,100608,75000.00,441,0.79
500609,100609,150000.00,475,0.89
500610,100610,150000.00,748,0.60
500611,100611,100000.00,891,0.63
500612,100612,300000.00,381,1.03
500613,100613,300000.00,434,0.83
500614,100614,200000.00,476,1.08
500615,100615,100000.00,682,1.07
500616,100616,100000.00,542,1.17
500617,100617,300000.00,866,0.86
500618,100618,150000.00,440,0.63
500619,100619,100000.00,756,0.24
500620,100620,200000.00,739,0.86
500621,100621,100000.00,355,0.39
500622,100622,200000.00,826,0.38
500623,100623,100000.00,718,0.32
500624,100624,200000.00,387,1.06
500625,100625,100000.00,307,1.05
500626,100626,100000.00,776,0.78
500627,100627,75000.00,NULL,0.59
500628,100628,200000.00,851,0.82
500629,100629,200000.00,796,0.75
500630,100630,200000.00,802,0.53
500631,100631,50000.00,544,0.49
500632,100632,100000.00,777,0.49
500633,100633,200000.00,608,0.73
500634,100634,300000.00,530,0.79
500635,100635,50000.00,682,0.57
500636,100636,75000.00,454,1.16
500637,100637,200000.00,474,0.15
500638,100638,200000.00,414,0.45
500639,100639,50000.00,689,0.53
500640,100640,100000.00,610,0.07
500641,100641,300000.00,599,0.47
500642,100642,75000.00,317,0.36
500643,100643,200000.00,311,0.63
500644,100644,100000.00,NULL,0.44
500645,100645,300000.00,531,0.89
500646,100646,300000.00,577,0.64
500647,100647,75000.00,NULL,0.20
500648,100648,150000.00,602,0.91
500649,100649,300000.00,840,0.16
500650,100650,150000.00,769,1.01
500651,100651,300000.00,376,1.12
500652,100652,75000.00,820,0.42
500653,100653,50000.00,323,1.12
500654,100654,75000.00,314,0.96
500655,100655,75000.00,824,1.11
500656,100656,50000.00,646,0.82
500657,100657,50000.00,471,0.32
500658,100658,100000.00,626,1.08
500659,100659,300000.00,784,0.26
500660,100660,100000.00,788,0.30
500661,100661,50000.00,761,0.36
500662,100662,150000.00,677,0.40
500663,100663,150000.00,887,0.64
500664,100664,75000.00,463,0.87
500665,100665,200000.00,671,1.12
500666,100666,75000.00,NULL,0.15
500667,100667,75000.00,723,1.15
500668,100668,200000.00,776,1.11
500669,100669,300000.00,681,0.11
500670,100670,50000.00,454,0.46
500671,100671,150000.00,556,0.99
500672,100672,75000.00,367,0.75
500673,100673,200000.00,643,0.95
500674,100674,100000.00,576,0.88
500675,100675,75000.00,690,0.62
500676,100676,150000.00,748,0.10
500677,100677,50000.00,558,0.72
500678,100678,75000.00,606,0.11
500679,100679,75000.00,394,0.74
500680,100680,300000.00,763,0.97
500681,100681,200000.00,545,0.72
500682,100682,100000.00,486,1.20
500683,100683,100000.00,672,0.57
500684,100684,50000.00,871,0.91
500685,100685,150000.00,705,0.82
500686,100686,50000.00,NULL,1.19
500687,100687,75000.00,424,0.87
500688,100688,75000.00,636,0.24
500689,100689,100000.00,640,1.15
500690,100690,150000.00,862,0.82
500691,100691,200000.00,477,0.12
500692,100692,150000.00,469,0.81
500693,100693,75000.00,338,1.07
500694,100694,200000.00,368,0.71
500695,100695,150000.00,535,0.46
500696,100696,150000.00,859,0.99
500697,100697,200000.00,680,0.95
500698,100698,75000.00,356,0.68
500699,100699,150000.00,576,0.23
500700,100700,200000.00,398,0.34
500701,100701,300000.00,826,0.90
500702,100702,300000.00,NULL,0.98
500703,100703,75000.00,760,0.37
500704,100704,200000.00,478,0.47
500705,100705,300000.00,873,0.14
500706,100706,200000.00,418,0.87
500707,100707,150000.00,768,0.05
500708,100708,75000.00,848,0.10
500709,100709,300000.00,754,0.05
500710,100710,150000.00,325,0.79
500711,100711,50000.00,789,0.53
500712,100712,50000.00,307,0.39
500713,100713,75000.00,815,1.10
500714,100714,300000.00,832,0.27
500715,100715,300000.00,448,0.50
500716,100716,300000.00,NULL,1.13
500717,100717,200000.00,324,0.54
500718,100718,150000.00,854,0.69
500719,100719,300000.00,724,0.14
500720,100720,150000.00,592,0.96
500721,100721,75000.00,484,0.54
500722,100722,300000.00,853,0.97
500723,100723,75000.00,730,0.34
500724,100724,300000.00,NULL,0.54
500725,100725,50000.00,697,0.95
500726,100726,100000.00,623,1.17
500727,100727,75000.00,864,0.12
500728,100728,300000.00,895,0.98
500729,100729,100000.00,845,0.40
500730,100730,75000.00,375,0.68
500731,100731,200000.00,785,0.38
500732,100732,300000.00,387,0.76
500733,100733,200000.00,531,0.46
500734,100734,50000.00,306,0.43
500735,100735,300000.00,849,0.09
500736,100736,50000.00,351,0.22
500737,100737,100000.00,695,1.10
500738,100738,75000.00,520,1.20
500739,100739,150000.00,727,0.95
500740,100740,50000.00,442,0.38
500741,100741,150000.00,662,0.51
500742,100742,150000.00,681,0.90
500743,100743,75000.00,860,1.16
500744,100744,100000.00,576,0.57
500745,100745,75000.00,570,1.00
500746,100746,300000.00,313,1.17
500747,100747,50000.00,NULL,1.05
500748,100748,150000.00,763,0.31
500749,100749,75000.00,826,0.06
500750,100750,75000.00,533,0.62
500751,100751,75000.00,874,0.66
500752,100752,50000.00,326,0.28
500753,100753,100000.00,770,0.38
500754,100754,75000.00,392,0.93
500755,100755,50000.00,NULL,0.59
500756,100756,150000.00,351,0.41
500757,100757,300000.00,618,0.77
500758,100758,200000.00,480,0.80
500759,100759,50000.00,868,0.93
500760,100760,200000.00,419,0.23
500761,100761,75000.00,342,0.90
500762,100762,75000.00,NULL,0.74
500763,100763,50000.00,496,0.12
500764,100764,200000.00,554,0.94
500765,100765,75000.00,635,0.49
500766,100766,150000.00,852,0.43
500767,100767,100000.00,801,0.57
500768,100768,100000.00,NULL,0.45
500769,100769,75000.00,813,0.44
500770,100770,200000.00,541,0.98
500771,100771,300000.00,448,0.19
500772,100772,75000.00,NULL,1.17
500773,100773,300000.00,752,0.69
500774,100774,300000.00,692,0.26
500775,100775,200000.00,511,0.20
500776,100776,300000.00,837,0.73
500777,100777,150000.00,893,0.78
500778,100778,200000.00,894,0.11
500779,100779,75000.00,430,0.33
500780,100780,150000.00,628,0.96
500781,100781,50000.00,555,0.11
500782,100782,100000.00,778,1.03
500783,100783,75000.00,860,0.81
500784,100784,75000.00,362,0.55
500785,100785,75000.00,610,0.45
500786,100786,150000.00,706,0.07
500787,100787,50000.00,404,1.00
500788,100788,200000.00,314,0.21
500789,100789,50000.00,558,0.41
500790,100790,150000.00,NULL,0.70
500791,100791,75000.00,NULL,0.33
500792,100792,100000.00,559,0.62
500793,100793,75000.00,344,0.98
500794,100794,200000.00,630,0.59
500795,100795,300000.00,464,1.14
500796,100796,100000.00,492,1.02
500797,100797,75000.00,820,0.43
500798,100798,100000.00,700,0.51
500799,100799,300000.00,673,0.54
500800,100800,50000.00,364,0.77
500801,100801,150000.00,686,0.38
500802,100802,75000.00,794,1.16
500803,100803,200000.00,714,0.75
500804,100804,50000.00,NULL,0.51
500805,100805,75000.00,565,0.79
500806,100806,50000.00,627,0.50
500807,100807,200000.00,791,0.99
500808,100808,75000.00,516,0.70
500809,100809,300000.00,619,0.10
500810,100810,300000.00,698,0.25
500811,100811,200000.00,404,1.04
500812,100812,100000.00,629,0.70
500813,100813,200000.00,NULL,1.14
500814,100814,100000.00,898,0.13
500815,100815,75000.00,613,0.39
500816,100816,100000.00,NULL,0.27
500817,100817,75000.00,761,0.69
500818,100818,75000.00,883,0.49
500819,100819,150000.00,785,0.23
500820,100820,75000.00,NULL,0.79
500821,100821,100000.00,NULL,0.67
500822,100822,150000.00,328,0.37
500823,100823,150000.00,570,0.60
500824,100824,75000.00,800,0.91
500825,100825,200000.00,552,0.29
500826,100826,200000.00,684,0.39
500827,100827,300000.00,359,0.45
500828,100828,150000.00,406,0.91
500829,100829,75000.00,519,1.02
500830,100830,200000.00,740,0.48
500831,100831,75000.00,863,0.39
500832,100832,75000.00,871,1.07
500833,100833,150000.00,845,1.20
500834,100834,300000.00,395,0.82
500835,100835,150000.00,388,1.19
500836,100836,50000.00,530,0.81
500837,100837,200000.00,574,0.89
500838,100838,200000.00,545,0.50
500839,100839,200000.00,410,0.55
500840,100840,100000.00,533,0.22
500841,100841,75000.00,577,1.00
500842,100842,150000.00,776,1.12
500843,100843,200000.00,716,0.77
500844,100844,50000.00,427,0.45
500845,100845,200000.00,536,0.23
500846,100846,300000.00,427,0.35
500847,100847,75000.00,693,0.34
500848,100848,75000.00,774,0.76
500849,100849,150000.00,NULL,1.14
500850,100850,100000.00,410,0.11
500851,100851,150000.00,389,0.05
500852,100852,200000.00,NULL,0.74
500853,100853,300000.00,632,0.38
500854,100854,50000.00,523,1.06
500855,100855,150000.00,400,0.43
500856,100856,100000.00,431,0.38
500857,100857,150000.00,312,0.36
500858,100858,75000.00,756,0.22
500859,100859,200000.00,740,0.72
500860,100860,200000.00,397,0.24
500861,100861,200000.00,419,0.54
500862,100862,200000.00,NULL,0.58
500863,100863,200000.00,300,0.07
500864,100864,200000.00,871,0.07
500865,100865,50000.00,549,0.65
500866,100866,100000.00,NULL,0.85
500867,100867,200000.00,694,1.13
500868,100868,100000.00,343,0.26
500869,100869,300000.00,343,0.17
500870,100870,200000.00,377,0.11
500871,100871,150000.00,525,0.55
500872,100872,200000.00,461,0.77
500873,100873,75000.00,552,1.02
500874,100874,50000.00,431,0.84
500875,100875,150000.00,747,0.29
500876,100876,150000.00,773,0.58
500877,100877,75000.00,408,1.10
500878,100878,200000.00,334,0.43
500879,100879,50000.00,766,0.62
500880,100880,150000.00,574,1.15
500881,100881,50000.00,486,0.89
500882,100882,150000.00,542,0.91
500883,100883,200000.00,563,0.34
500884,100884,300000.00,821,0.53
500885,100885,150000.00,840,0.14
500886,100886,300000.00,386,0.75
500887,100887,150000.00,834,0.17
500888,100888,100000.00,509,1.01
500889,100889,200000.00,345,0.99
500890,100890,75000.00,766,0.66
500891,100891,300000.00,839,0.21
500892,100892,75000.00,325,0.08
500893,100893,200000.00,565,0.97
500894,100894,75000.00,474,0.74
500895,100895,200000.00,815,0.87
500896,100896,75000.00,610,0.40
500897,100897,300000.00,621,0.64
500898,100898,100000.00,878,0.91
500899,100899,75000.00,434,0.58
500900,100900,300000.00,354,0.74
500901,100901,150000.00,NULL,0.96
500902,100902,200000.00,885,0.30
500903,100903,50000.00,830,0.13
500904,100904,50000.00,455,0.66
500905,100905,200000.00,NULL,0.12
500906,100906,100000.00,784,0.93
500907,100907,75000.00,898,0.88
500908,100908,100000.00,319,1.06
500909,100909,50000.00,568,0.79
500910,100910,300000.00,632,0.13
500911,100911,200000.00,854,0.34
500912,100912,200000.00,700,0.98
500913,100913,100000.00,605,0.24
500914,100914,300000.00,327,0.85
500915,100915,100000.00,NULL,0.95
500916,100916,75000.00,559,0.43
500917,100917,150000.00,833,0.42
500918,100918,300000.00,400,0.69
500919,100919,150000.00,850,1.04
500920,100920,75000.00,652,0.31
500921,100921,150000.00,599,1.13
500922,100922,50000.00,595,0.74
500923,100923,150000.00,652,1.19
500924,100924,75000.00,429,0.15
500925,100925,150000.00,455,0.20
500926,100926,200000.00,373,1.00
500927,100927,100000.00,641,1.04
500928,100928,50000.00,764,0.56
500929,100929,200000.00,389,0.87
500930,100930,200000.00,878,1.05
500931,100931,75000.00,754,0.10
500932,100932,100000.00,631,0.71
500933,100933,100000.00,647,1.03
500934,100934,300000.00,532,0.51
500935,100935,50000.00,897,0.40
500936,100936,75000.00,401,0.97
500937,100937,50000.00,780,0.44
500938,100938,300000.00,513,0.05
500939,100939,150000.00,407,1.15
500940,100940,200000.00,464,0.73
500941,100941,50000.00,634,0.99
500942,100942,200000.00,385,1.00
500943,100943,75000.00,723,0.13
500944,100944,150000.00,663,0.25
500945,100945,75000.00,359,0.41
500946,100946,150000.00,781,0.42
500947,100947,150000.00,549,0.81
500948,100948,200000.00,859,0.77
500949,100949,75000.00,416,0.62
500950,100950,75000.00,844,0.29
500951,100951,50000.00,343,0.49
500952,100952,75000.00,808,0.68
500953,100953,50000.00,464,0.59
500954,100954,100000.00,667,0.20
500955,100955,100000.00,591,0.80
500956,100956,100000.00,585,0.13
500957,100957,300000.00,503,0.48
500958,100958,75000.00,823,0.87
500959,100959,300000.00,420,0.07
500960,100960,75000.00,487,0.71
500961,100961,50000.00,312,0.43
500962,100962,300000.00,499,0.06
500963,100963,300000.00,885,0.27
500964,100964,300000.00,755,1.13
500965,100965,150000.00,747,0.65
500966,100966,50000.00,370,1.20
500967,100967,100000.00,889,0.65
500968,100968,50000.00,429,0.68
500969,100969,150000.00,NULL,0.50
500970,100970,75000.00,NULL,0.41
500971,100971,50000.00,NULL,0.34
500972,100972,300000.00,834,0.44
500973,100973,100000.00,601,0.58
500974,100974,100000.00,NULL,0.27
500975,100975,75000.00,872,0.31
500976,100976,50000.00,414,0.36
500977,100977,150000.00,759,0.57
500978,100978,75000.00,804,0.80
500979,100979,50000.00,607,1.03
500980,100980,200000.00,624,0.38
500981,100981,100000.00,878,0.26
500982,100982,150000.00,474,0.49
500983,100983,300000.00,813,1.08
500984,100984,150000.00,471,0.06
500985,100985,300000.00,801,0.83
500986,100986,150000.00,633,0.60
500987,100987,100000.00,583,0.24
500988,100988,300000.00,774,0.42
500989,100989,50000.00,353,0.31
500990,100990,300000.00,757,1.06
500991,100991,75000.00,878,0.60
500992,100992,50000.00,719,0.70
500993,100993,75000.00,708,0.73
500994,100994,150000.00,603,0.79
500995,100995,50000.00,858,0.62
500996,100996,150000.00,521,0.07
500997,100997,200000.00,832,0.43
500998,100998,150000.00,457,0.26
500999,100999,150000.00,647,0.83
501000,101000,75000.00,NULL,0.12
501001,101001,300000.00,NULL,0.70
501002,101002,200000.00,704,0.29
501003,101003,150000.00,556,1.14
501004,101004,150000.00,888,0.44
501005,101005,200000.00,896,0.42
501006,101006,200000.00,857,1.11
501007,101007,50000.00,346,0.53
501008,101008,75000.00,512,1.16
501009,101009,200000.00,778,0.08
501010,101010,200000.00,786,0.40
501011,101011,100000.00,870,0.82
501012,101012,300000.00,865,1.07
501013,101013,200000.00,641,0.34
501014,101014,75000.00,823,1.12
501015,101015,300000.00,802,0.73
501016,101016,300000.00,305,0.97
501017,101017,150000.00,443,0.51
501018,101018,150000.00,560,0.29
501019,101019,150000.00,884,1.10
501020,101020,150000.00,531,1.12
501021,101021,100000.00,569,0.62
501022,101022,200000.00,746,0.06
501023,101023,150000.00,NULL,0.18
501024,101024,50000.00,351,0.71
501025,101025,150000.00,NULL,0.08
501026,101026,200000.00,837,0.51
501027,101027,150000.00,864,0.40
501028,101028,100000.00,840,0.87
501029,101029,75000.00,318,0.11
501030,101030,75000.00,691,0.61
501031,101031,200000.00,718,0.72
501032,101032,75000.00,NULL,0.76
501033,101033,75000.00,NULL,0.52
501034,101034,50000.00,560,0.40
501035,101035,200000.00,827,0.83
501036,101036,200000.00,572,1.02
501037,101037,75000.00,459,0.85
501038,101038,75000.00,523,1.12
501039,101039,75000.00,555,0.87
501040,101040,300000.00,479,0.93
501041,101041,100000.00,319,0.24
501042,101042,150000.00,767,0.53
501043,101043,100000.00,509,0.61
501044,101044,200000.00,812,0.34
501045,101045,50000.00,357,0.66
501046,101046,150000.00,392,0.38
501047,101047,50000.00,520,0.84
501048,101048,300000.00,531,0.59
501049,101049,200000.00,663,0.58
501050,101050,300000.00,861,1.18
501051,101051,200000.00,673,0.50
501052,101052,50000.00,755,0.47
501053,101053,50000.00,387,0.42
501054,101054,50000.00,319,1.08
501055,101055,200000.00,313,0.62
501056,101056,75000.00,432,0.74
501057,101057,50000.00,333,0.26
501058,101058,300000.00,507,0.67
501059,101059,150000.00,498,0.37
501060,101060,200000.00,NULL,0.89
501061,101061,300000.00,882,1.01
501062,101062,100000.00,454,0.87
501063,101063,100000.00,889,0.89
501064,101064,150000.00,377,0.64
501065,101065,75000.00,471,0.87
501066,101066,50000.00,588,0.54
501067,101067,200000.00,844,0.80
501068,101068,300000.00,719,0.35
501069,101069,50000.00,306,0.13
501070,101070,300000.00,459,0.53
501071,101071,200000.00,539,0.58
501072,101072,100000.00,722,0.34
501073,101073,50000.00,835,0.89
501074,101074,150000.00,369,0.13
501075,101075,75000.00,515,0.31
501076,101076,150000.00,NULL,0.91
501077,101077,75000.00,353,0.55
501078,101078,300000.00,629,0.86
501079,101079,50000.00,502,0.70
501080,101080,50000.00,587,1.14
501081,101081,75000.00,344,0.74
501082,101082,100000.00,497,0.07
501083,101083,200000.00,515,0.46
501084,101084,150000.00,780,0.21
501085,101085,300000.00,608,1.11
501086,101086,150000.00,734,0.17
501087,101087,150000.00,631,0.50
501088,101088,300000.00,326,0.31
501089,101089,300000.00,465,1.02
501090,101090,50000.00,617,0.40
501091,101091,150000.00,573,1.19
501092,101092,200000.00,682,0.09
501093,101093,200000.00,664,0.20
501094,101094,75000.00,402,0.31
501095,101095,300000.00,802,0.98
501096,101096,50000.00,672,1.06
501097,101097,200000.00,544,0.13
501098,101098,100000.00,468,0.09
501099,101099,50000.00,717,0.91
501100,101100,50000.00,NULL,0.20
501101,101101,200000.00,777,0.20
501102,101102,100000.00,424,0.08
501103,101103,75000.00,836,0.11
501104,101104,200000.00,NULL,0.35
501105,101105,100000.00,NULL,0.12
501106,101106,50000.00,830,0.47
501107,101107,100000.00,NULL,1.01
501108,101108,50000.00,420,0.43
501109,101109,200000.00,331,0.89
501110,101110,300000.00,336,0.16
501111,101111,200000.00,641,0.81
501112,101112,150000.00,312,0.41
501113,101113,150000.00,482,0.91
501114,101114,150000.00,564,0.21
501115,101115,200000.00,NULL,1.08
501116,101116,75000.00,761,0.33
501117,101117,200000.00,345,0.46
501118,101118,300000.00,NULL,1.14
501119,101119,100000.00,NULL,0.72
501120,101120,200000.00,830,0.47
501121,101121,200000.00,746,1.14
501122,101122,50000.00,345,0.43
501123,101123,50000.00,807,0.16
501124,101124,50000.00,857,1.20
501125,101125,200000.00,825,0.36
501126,101126,75000.00,896,1.03
501127,101127,100000.00,302,0.24
501128,101128,100000.00,327,0.89
501129,101129,300000.00,680,0.65
501130,101130,75000.00,456,1.18
501131,101131,75000.00,810,0.69
501132,101132,100000.00,NULL,0.08
501133,101133,150000.00,413,0.74
501134,101134,50000.00,NULL,0.22
501135,101135,50000.00,786,0.97
501136,101136,100000.00,549,1.04
501137,101137,75000.00,870,0.60
501138,101138,300000.00,614,0.95
501139,101139,150000.00,538,0.22
501140,101140,100000.00,533,0.62
501141,101141,50000.00,602,0.50
501142,101142,200000.00,633,0.75
501143,101143,75000.00,412,0.10
501144,101144,200000.00,661,0.91
501145,101145,300000.00,396,0.14
501146,101146,100000.00,315,0.80
501147,101147,50000.00,855,0.07
501148,101148,150000.00,675,1.01
501149,101149,200000.00,689,0.25
501150,101150,150000.00,NULL,0.64
501151,101151,300000.00,698,0.35
501152,101152,50000.00,559,0.88
501153,101153,200000.00,619,0.42
501154,101154,300000.00,495,0.88
501155,101155,150000.00,777,0.38
501156,101156,150000.00,717,0.92
501157,101157,200000.00,774,0.09
501158,101158,50000.00,867,0.38
501159,101159,150000.00,843,0.62
501160,101160,100000.00,NULL,0.10
501161,101161,300000.00,NULL,0.26
501162,101162,200000.00,499,1.12
501163,101163,75000.00,898,1.17
501164,101164,75000.00,320,0.90
501165,101165,50000.00,NULL,0.34
501166,101166,100000.00,887,0.35
501167,101167,150000.00,895,0.79
501168,101168,75000.00,733,0.19
501169,101169,50000.00,NULL,1.14
501170,101170,300000.00,859,0.31
501171,101171,100000.00,377,1.20
501172,101172,100000.00,841,0.62
501173,101173,50000.00,584,0.94
501174,101174,50000.00,NULL,0.05
501175,101175,150000.00,852,1.07
501176,101176,50000.00,581,0.36
501177,101177,150000.00,861,0.82
501178,101178,150000.00,NULL,0.98
501179,101179,200000.00,659,0.24
501180,101180,100000.00,739,0.56
501181,101181,300000.00,569,0.62
501182,101182,100000.00,433,0.41
501183,101183,100000.00,NULL,0.60
501184,101184,200000.00,394,0.42
501185,101185,150000.00,872,0.46
501186,101186,150000.00,779,0.82
501187,101187,50000.00,540,0.78
501188,101188,200000.00,312,0.32
501189,101189,50000.00,446,1.08
501190,101190,200000.00,394,1.04
501191,101191,50000.00,592,0.64
501192,101192,75000.00,324,0.55
501193,101193,100000.00,571,0.48
501194,101194,100000.00,804,0.86
501195,101195,300000.00,465,0.82
501196,101196,150000.00,386,0.28
501197,101197,300000.00,790,0.82
501198,101198,75000.00,440,0.34
501199,101199,300000.00,402,0.07
501200,101200,100000.00,525,0.85
501201,101201,150000.00,874,0.79
501202,101202,75000.00,593,0.52
501203,101203,100000.00,605,0.65
501204,101204,50000.00,553,1.14
501205,101205,200000.00,479,0.73
501206,101206,75000.00,339,0.81
501207,101207,150000.00,NULL,0.12
501208,101208,300000.00,845,0.24
501209,101209,300000.00,535,0.40
501210,101210,75000.00,762,0.67
501211,101211,150000.00,527,0.94
501212,101212,75000.00,782,0.42
501213,101213,150000.00,729,0.46
501214,101214,300000.00,321,0.34
501215,101215,100000.00,642,0.34
501216,101216,50000.00,NULL,1.14
501217,101217,100000.00,472,0.78
501218,101218,50000.00,738,0.23
501219,101219,300000.00,478,0.88
501220,101220,100000.00,897,0.88
501221,101221,100000.00,432,0.82
501222,101222,75000.00,650,0.20
501223,101223,200000.00,824,0.52
501224,101224,300000.00,NULL,0.17
501225,101225,150000.00,805,0.99
501226,101226,300000.00,383,0.80
501227,101227,150000.00,763,0.63
501228,101228,150000.00,642,0.44
501229,101229,50000.00,579,0.26
501230,101230,150000.00,562,0.17
501231,101231,150000.00,465,1.16
501232,101232,75000.00,592,0.28
501233,101233,100000.00,NULL,0.12
501234,101234,300000.00,879,1.16
501235,101235,300000.00,525,0.68
501236,101236,150000.00,469,0.97
501237,101237,200000.00,897,0.10
501238,101238,300000.00,NULL,0.70
501239,101239,150000.00,801,0.51
501240,101240,50000.00,826,0.94
501241,101241,50000.00,678,0.09
501242,101242,50000.00,500,0.51
501243,101243,150000.00,549,0.97
501244,101244,75000.00,708,0.65
501245,101245,200000.00,424,0.68
501246,101246,150000.00,412,0.16
501247,101247,75000.00,436,0.20
501248,101248,75000.00,795,0.83
501249,101249,300000.00,449,0.83
501250,101250,150000.00,NULL,1.18
501251,101251,150000.00,879,0.87
501252,101252,75000.00,620,0.62
501253,101253,75000.00,831,1.04
501254,101254,75000.00,588,0.17
501255,101255,300000.00,788,0.57
501256,101256,150000.00,791,0.38
501257,101257,75000.00,551,0.17
501258,101258,50000.00,376,0.93
501259,101259,150000.00,691,0.64
501260,101260,300000.00,711,0.69
501261,101261,50000.00,472,0.52
501262,101262,100000.00,500,0.58
501263,101263,150000.00,516,0.18
501264,101264,100000.00,675,0.82
501265,101265,75000.00,885,0.55
501266,101266,300000.00,310,0.99
501267,101267,75000.00,311,0.28
501268,101268,300000.00,889,0.29
501269,101269,200000.00,734,0.79
501270,101270,75000.00,672,1.02
501271,101271,100000.00,572,0.59
501272,101272,300000.00,875,0.89
501273,101273,75000.00,808,1.20
501274,101274,150000.00,431,1.19
501275,101275,300000.00,618,0.91
501276,101276,300000.00,467,0.90
501277,101277,75000.00,696,0.33
501278,101278,200000.00,479,1.01
501279,101279,75000.00,357,0.52
501280,101280,100000.00,779,1.16
501281,101281,100000.00,890,0.14
501282,101282,300000.00,759,0.55
501283,101283,300000.00,360,0.69
501284,101284,75000.00,668,0.52
501285,101285,100000.00,420,0.29
501286,101286,100000.00,845,0.73
501287,101287,200000.00,881,0.92
501288,101288,150000.00,316,0.79
501289,101289,200000.00,795,0.32
501290,101290,50000.00,796,0.89
501291,101291,200000.00,804,0.35
501292,101292,75000.00,831,0.25
501293,101293,150000.00,614,0.84
501294,101294,75000.00,368,1.02
501295,101295,50000.00,460,0.60
501296,101296,150000.00,444,0.66
501297,101297,300000.00,868,0.40
501298,101298,100000.00,894,0.62
501299,101299,200000.00,684,0.20
501300,101300,75000.00,568,1.15
501301,101301,50000.00,753,0.97
501302,101302,100000.00,NULL,0.82
501303,101303,200000.00,649,0.67
501304,101304,100000.00,409,0.96
501305,101305,200000.00,782,0.62
501306,101306,300000.00,706,0.39
501307,101307,150000.00,350,0.23
501308,101308,100000.00,NULL,0.79
501309,101309,100000.00,862,1.12
501310,101310,100000.00,775,0.23
501311,101311,150000.00,386,0.26
501312,101312,50000.00,367,0.55
501313,101313,200000.00,895,0.98
501314,101314,300000.00,341,0.39
501315,101315,100000.00,356,0.34
501316,101316,150000.00,495,0.76
501317,101317,50000.00,361,0.67
501318,101318,200000.00,562,0.12
501319,101319,150000.00,411,0.14
501320,101320,300000.00,NULL,0.79
501321,101321,300000.00,325,0.58
501322,101322,200000.00,709,1.17
501323,101323,100000.00,830,0.83
501324,101324,300000.00,616,0.06
501325,101325,50000.00,831,0.60
501326,101326,150000.00,405,0.53
501327,101327,50000.00,763,0.17
501328,101328,100000.00,545,1.11
501329,101329,50000.00,380,0.98
501330,101330,50000.00,695,0.31
501331,101331,75000.00,NULL,0.34
501332,101332,50000.00,563,0.09
501333,101333,200000.00,573,0.39
501334,101334,150000.00,471,0.72
501335,101335,75000.00,NULL,0.53
501336,101336,150000.00,325,1.16
501337,101337,150000.00,768,0.11
501338,101338,100000.00,775,0.73
501339,101339,100000.00,655,1.04
501340,101340,75000.00,325,0.60
501341,101341,300000.00,333,0.05
501342,101342,100000.00,563,0.33
501343,101343,100000.00,437,0.42
501344,101344,100000.00,865,1.16
501345,101345,150000.00,761,1.10
501346,101346,75000.00,467,1.14
501347,101347,150000.00,380,1.00
501348,101348,200000.00,706,0.45
501349,101349,150000.00,873,1.09
501350,101350,200000.00,345,1.18
501351,101351,50000.00,898,0.45
501352,101352,50000.00,352,0.35
501353,101353,200000.00,775,0.68
501354,101354,200000.00,891,0.27
501355,101355,150000.00,NULL,0.09
501356,101356,200000.00,NULL,1.14
501357,101357,75000.00,786,1.11
501358,101358,50000.00,801,0.24
501359,101359,50000.00,440,0.52
501360,101360,300000.00,746,1.01
501361,101361,200000.00,589,0.81
501362,101362,100000.00,508,0.50
501363,101363,100000.00,NULL,0.91
501364,101364,200000.00,NULL,1.08
501365,101365,75000.00,726,1.12
501366,101366,100000.00,670,0.49
501367,101367,300000.00,589,0.25
501368,101368,200000.00,731,1.10
501369,101369,75000.00,567,0.16
501370,101370,75000.00,NULL,0.88
501371,101371,150000.00,554,0.21
501372,101372,75000.00,652,0.50
501373,101373,100000.00,676,0.52
501374,101374,100000.00,657,0.23
501375,101375,200000.00,669,1.11
501376,101376,200000.00,526,0.05
501377,101377,75000.00,602,1.08
501378,101378,300000.00,688,1.07
501379,101379,50000.00,676,0.41
501380,101380,150000.00,417,0.86
501381,101381,50000.00,304,0.34
501382,101382,75000.00,NULL,0.92
501383,101383,75000.00,651,0.70
501384,101384,50000.00,832,0.40
501385,101385,150000.00,423,0.51
501386,101386,50000.00,576,0.84
501387,101387,200000.00,693,1.09
501388,101388,100000.00,659,0.20
501389,101389,300000.00,768,0.71
501390,101390,200000.00,356,0.34
501391,101391,100000.00,550,0.97
501392,101392,300000.00,449,0.13
501393,101393,300000.00,751,0.84
501394,101394,300000.00,NULL,0.25
501395,101395,75000.00,419,0.74
501396,101396,300000.00,881,1.01
501397,101397,150000.00,650,0.92
501398,101398,50000.00,398,0.92
501399,101399,150000.00,466,0.65
501400,101400,50000.00,813,1.07
501401,101401,200000.00,700,0.73
501402,101402,200000.00,664,1.11
501403,101403,50000.00,NULL,0.68
501404,101404,150000.00,625,0.63
501405,101405,50000.00,880,0.31
501406,101406,300000.00,546,0.68
501407,101407,75000.00,733,0.21
501408,101408,200000.00,392,1.05
501409,101409,75000.00,567,0.83
501410,101410,300000.00,620,1.19
501411,101411,300000.00,361,0.16
501412,101412,200000.00,599,0.33
501413,101413,200000.00,702,1.06
501414,101414,300000.00,866,0.50
501415,101415,100000.00,602,0.59
501416,101416,75000.00,552,1.04
501417,101417,75000.00,777,0.65
501418,101418,100000.00,668,0.27
501419,101419,150000.00,459,1.08
501420,101420,75000.00,465,0.09
501421,101421,50000.00,504,1.08
501422,101422,300000.00,NULL,0.11
501423,101423,300000.00,437,0.82
501424,101424,100000.00,667,0.13
501425,101425,75000.00,742,0.86
501426,101426,150000.00,866,0.09
501427,101427,75000.00,316,1.02
501428,101428,300000.00,367,0.59
501429,101429,200000.00,432,0.16
501430,101430,50000.00,729,0.86
501431,101431,100000.00,607,0.61
501432,101432,200000.00,473,0.27
501433,101433,150000.00,711,0.07
501434,101434,200000.00,396,0.53
501435,101435,200000.00,453,0.15
501436,101436,150000.00,541,0.16
501437,101437,200000.00,603,0.36
501438,101438,100000.00,584,0.78
501439,101439,300000.00,326,0.66
501440,101440,75000.00,701,0.13
501441,101441,200000.00,NULL,1.16
501442,101442,100000.00,359,1.07
501443,101443,75000.00,501,0.35
501444,101444,75000.00,NULL,0.19
501445,101445,200000.00,669,1.13
501446,101446,100000.00,832,0.58
501447,101447,300000.00,451,0.41
501448,101448,200000.00,401,0.61
501449,101449,150000.00,745,0.94
501450,101450,75000.00,528,0.24
501451,101451,200000.00,424,0.93
501452,101452,75000.00,535,0.91
501453,101453,100000.00,461,0.67
501454,101454,50000.00,853,1.05
501455,101455,200000.00,652,0.20
501456,101456,300000.00,367,0.73
501457,101457,200000.00,472,0.57
501458,101458,75000.00,858,0.54
501459,101459,100000.00,560,0.34
501460,101460,150000.00,516,0.48
501461,101461,300000.00,423,0.17
501462,101462,100000.00,461,0.34
501463,101463,200000.00,500,0.36
501464,101464,150000.00,753,0.88
501465,101465,100000.00,701,0.11
501466,101466,50000.00,761,0.80
501467,101467,300000.00,574,0.30
501468,101468,75000.00,505,0.14
501469,101469,100000.00,339,0.40
501470,101470,100000.00,572,0.31
501471,101471,50000.00,392,0.68
501472,101472,200000.00,341,0.46
501473,101473,300000.00,764,1.16
501474,101474,300000.00,678,1.16
501475,101475,75000.00,406,0.56
501476,101476,100000.00,627,0.96
501477,101477,150000.00,NULL,0.07
501478,101478,100000.00,664,0.68
501479,101479,75000.00,783,0.90
501480,101480,100000.00,323,0.30
501481,101481,50000.00,839,0.12
501482,101482,100000.00,361,0.23
501483,101483,100000.00,790,0.56
501484,101484,150000.00,572,0.63
501485,101485,50000.00,528,0.49
501486,101486,50000.00,319,0.56
501487,101487,100000.00,NULL,0.59
501488,101488,300000.00,720,0.93
501489,101489,150000.00,606,0.17
501490,101490,100000.00,731,0.93
501491,101491,100000.00,435,0.84
501492,101492,75000.00,814,0.90
501493,101493,75000.00,492,0.89
501494,101494,300000.00,884,0.59
501495,101495,150000.00,714,0.29
501496,101496,200000.00,417,0.67
501497,101497,75000.00,508,1.15
501498,101498,200000.00,NULL,0.73
501499,101499,50000.00,617,0.06
501500,101500,75000.00,419,0.12
501501,101501,75000.00,824,1.19
501502,101502,150000.00,880,0.13
501503,101503,300000.00,388,0.10
501504,101504,200000.00,811,0.46
501505,101505,75000.00,346,1.16
501506,101506,75000.00,821,0.42
501507,101507,150000.00,583,0.52
501508,101508,150000.00,676,0.78
501509,101509,300000.00,433,0.08
501510,101510,200000.00,547,1.08
501511,101511,50000.00,617,0.65
501512,101512,300000.00,735,0.59
501513,101513,50000.00,475,1.04
501514,101514,100000.00,885,1.15
501515,101515,75000.00,650,0.54
501516,101516,200000.00,442,0.25
501517,101517,300000.00,NULL,0.99
501518,101518,75000.00,668,0.51
501519,101519,200000.00,800,1.13
501520,101520,200000.00,669,1.14
501521,101521,200000.00,878,0.18
501522,101522,75000.00,681,1.15
501523,101523,300000.00,385,0.47
501524,101524,150000.00,759,0.79
501525,101525,75000.00,624,0.09
501526,101526,200000.00,821,1.07
501527,101527,300000.00,NULL,0.79
501528,101528,100000.00,NULL,0.79
501529,101529,50000.00,654,1.09
501530,101530,200000.00,587,0.63
501531,101531,100000.00,758,0.52
501532,101532,150000.00,835,1.05
501533,101533,200000.00,590,0.90
501534,101534,100000.00,467,1.14
501535,101535,200000.00,727,1.13
501536,101536,75000.00,789,0.49
501537,101537,300000.00,654,0.56
501538,101538,100000.00,495,0.34
501539,101539,300000.00,844,0.81
501540,101540,75000.00,310,0.47
501541,101541,75000.00,881,0.95
501542,101542,300000.00,555,0.19
501543,101543,100000.00,695,0.18
501544,101544,300000.00,708,0.29
501545,101545,300000.00,661,0.15
501546,101546,50000.00,558,0.76
501547,101547,100000.00,302,0.22
501548,101548,50000.00,383,0.23
501549,101549,200000.00,455,0.07
501550,101550,300000.00,475,0.95
501551,101551,200000.00,771,0.98
501552,101552,100000.00,NULL,0.24
501553,101553,300000.00,433,0.90
501554,101554,200000.00,679,0.55
501555,101555,150000.00,576,0.33
501556,101556,75000.00,535,0.76
501557,101557,300000.00,312,0.26
501558,101558,75000.00,641,0.92
501559,101559,50000.00,334,0.10
501560,101560,200000.00,858,1.15
501561,101561,50000.00,513,0.13
501562,101562,300000.00,NULL,0.72
501563,101563,75000.00,704,1.09
501564,101564,75000.00,793,0.06
501565,101565,200000.00,458,0.62
501566,101566,300000.00,409,0.45
501567,101567,150000.00,848,0.72
501568,101568,150000.00,NULL,0.31
501569,101569,200000.00,646,0.12
501570,101570,300000.00,NULL,0.77
501571,101571,200000.00,778,0.53
501572,101572,300000.00,410,0.77
501573,101573,50000.00,730,0.29
501574,101574,200000.00,841,0.44
501575,101575,300000.00,414,0.70
501576,101576,150000.00,389,0.73
501577,101577,300000.00,511,0.48
501578,101578,300000.00,849,0.37
501579,101579,200000.00,894,0.36
501580,101580,50000.00,838,0.25
501581,101581,50000.00,659,0.42
501582,101582,50000.00,785,0.28
501583,101583,50000.00,671,0.78
501584,101584,100000.00,514,0.70
501585,101585,200000.00,314,0.49
501586,101586,75000.00,558,0.42
501587,101587,200000.00,762,0.32
501588,101588,100000.00,419,0.67
501589,101589,50000.00,427,1.11
501590,101590,100000.00,822,0.84
501591,101591,150000.00,624,0.91
501592,101592,150000.00,619,1.01
501593,101593,200000.00,805,0.45
501594,101594,200000.00,825,0.12
501595,101595,75000.00,349,0.77
501596,101596,75000.00,883,0.27
501597,101597,150000.00,368,0.70
501598,101598,50000.00,690,0.90
501599,101599,100000.00,682,0.95
501600,101600,75000.00,315,0.40
501601,101601,300000.00,738,0.64
501602,101602,75000.00,867,0.76
501603,101603,50000.00,431,0.99
501604,101604,50000.00,859,0.93
501605,101605,200000.00,547,1.19
501606,101606,100000.00,572,0.06
501607,101607,50000.00,648,0.55
501608,101608,75000.00,783,0.34
501609,101609,75000.00,849,0.19
501610,101610,150000.00,656,1.10
501611,101611,50000.00,617,1.20
501612,101612,300000.00,347,0.26
501613,101613,200000.00,309,0.09
501614,101614,100000.00,532,0.37
501615,101615,300000.00,335,1.01
501616,101616,200000.00,712,0.39
501617,101617,75000.00,761,0.12
501618,101618,300000.00,303,0.11
501619,101619,200000.00,343,0.54
501620,101620,75000.00,867,1.12
501621,101621,75000.00,853,0.38
501622,101622,75000.00,554,0.54
501623,101623,75000.00,413,0.17
501624,101624,75000.00,696,0.62
501625,101625,150000.00,NULL,0.85
501626,101626,300000.00,554,0.36
501627,101627,200000.00,765,0.39
501628,101628,150000.00,576,1.02
501629,101629,150000.00,763,0.06
501630,101630,50000.00,801,0.78
501631,101631,50000.00,740,0.50
501632,101632,50000.00,368,0.39
501633,101633,100000.00,808,0.81
501634,101634,50000.00,625,1.01
501635,101635,200000.00,366,0.69
501636,101636,150000.00,603,0.09
501637,101637,200000.00,783,0.58
501638,101638,300000.00,847,0.58
501639,101639,50000.00,716,0.68
501640,101640,100000.00,458,0.82
501641,101641,300000.00,448,0.07
501642,101642,100000.00,326,0.63
501643,101643,300000.00,883,0.73
501644,101644,150000.00,547,0.44
501645,101645,200000.00,400,0.82
501646,101646,75000.00,395,0.31
501647,101647,200000.00,683,0.41
501648,101648,50000.00,581,1.16
501649,101649,75000.00,621,0.45
501650,101650,100000.00,NULL,0.45
501651,101651,150000.00,577,0.74
501652,101652,150000.00,828,1.17
501653,101653,100000.00,562,1.18
501654,101654,50000.00,879,0.72
501655,101655,100000.00,592,0.05
501656,101656,300000.00,593,1.09
501657,101657,50000.00,694,0.71
501658,101658,75000.00,812,0.47
501659,101659,100000.00,479,1.00
501660,101660,50000.00,534,0.51
501661,101661,75000.00,636,0.09
501662,101662,100000.00,307,0.99
501663,101663,150000.00,742,0.68
501664,101664,100000.00,838,0.44
501665,101665,200000.00,390,0.34
501666,101666,100000.00,571,0.73
501667,101667,200000.00,304,0.29
501668,101668,75000.00,893,0.42
501669,101669,100000.00,518,0.78
501670,101670,75000.00,417,1.06
501671,101671,75000.00,892,0.66
501672,101672,50000.00,881,0.92
501673,101673,75000.00,414,0.93
501674,101674,75000.00,562,0.81
501675,101675,100000.00,605,0.33
501676,101676,100000.00,721,1.05
501677,101677,150000.00,506,0.55
501678,101678,50000.00,602,0.10
501679,101679,75000.00,411,0.33
501680,101680,50000.00,716,0.93
501681,101681,200000.00,NULL,0.13
501682,101682,75000.00,584,0.22
501683,101683,50000.00,484,0.85
501684,101684,150000.00,520,1.08
501685,101685,150000.00,743,0.78
501686,101686,75000.00,416,0.31
501687,101687,200000.00,369,0.11
501688,101688,150000.00,369,0.76
501689,101689,150000.00,726,0.10
501690,101690,200000.00,867,0.75
501691,101691,50000.00,742,0.31
501692,101692,150000.00,436,1.09
501693,101693,100000.00,803,0.60
501694,101694,300000.00,430,0.31
501695,101695,300000.00,517,1.03
501696,101696,150000.00,470,0.34
501697,101697,50000.00,774,0.40
501698,101698,50000.00,428,1.01
501699,101699,75000.00,356,0.41
501700,101700,100000.00,480,0.52
501701,101701,50000.00,545,0.45
501702,101702,200000.00,443,0.18
501703,101703,100000.00,350,0.09
501704,101704,300000.00,NULL,0.88
501705,101705,100000.00,758,0.79
501706,101706,200000.00,NULL,0.37
501707,101707,150000.00,866,0.39
501708,101708,200000.00,556,1.14
501709,101709,200000.00,455,1.19
501710,101710,150000.00,864,0.59
501711,101711,150000.00,741,0.97
501712,101712,150000.00,324,0.90
501713,101713,150000.00,835,0.39
501714,101714,150000.00,359,0.12
501715,101715,200000.00,766,0.21
501716,101716,75000.00,733,1.01
501717,101717,75000.00,365,0.89
501718,101718,50000.00,864,0.81
501719,101719,75000.00,405,0.20
501720,101720,300000.00,NULL,0.79
501721,101721,75000.00,850,0.94
501722,101722,200000.00,467,1.04
501723,101723,150000.00,341,0.07
501724,101724,150000.00,403,0.84
501725,101725,200000.00,503,0.07
501726,101726,300000.00,819,0.86
501727,101727,75000.00,581,0.78
501728,101728,200000.00,342,0.22
501729,101729,50000.00,409,0.93
501730,101730,150000.00,509,0.13
501731,101731,100000.00,NULL,1.00
501732,101732,50000.00,414,0.35
501733,101733,300000.00,454,0.84
501734,101734,50000.00,802,1.11
501735,101735,200000.00,370,0.44
501736,101736,75000.00,818,0.63
501737,101737,150000.00,635,0.58
501738,101738,300000.00,366,0.23
501739,101739,300000.00,792,0.73
501740,101740,100000.00,NULL,0.90
501741,101741,50000.00,480,1.10
501742,101742,100000.00,898,1.03
501743,101743,75000.00,547,0.64
501744,101744,75000.00,513,0.88
501745,101745,100000.00,658,0.97
501746,101746,150000.00,548,0.62
501747,101747,75000.00,815,0.18
501748,101748,100000.00,387,0.55
501749,101749,50000.00,475,1.02
501750,101750,100000.00,725,0.74
501751,101751,100000.00,380,0.88
501752,101752,200000.00,437,0.26
501753,101753,75000.00,732,1.16
501754,101754,150000.00,769,0.51
501755,101755,150000.00,NULL,0.80
501756,101756,200000.00,425,0.07
501757,101757,300000.00,608,0.20
501758,101758,150000.00,529,0.95
501759,101759,100000.00,759,1.16
501760,101760,200000.00,644,0.42
501761,101761,50000.00,609,0.09
501762,101762,75000.00,319,0.46
501763,101763,75000.00,860,0.07
501764,101764,75000.00,840,0.27
501765,101765,100000.00,859,0.92
501766,101766,50000.00,776,1.13
501767,101767,200000.00,568,0.15
501768,101768,200000.00,302,0.69
501769,101769,75000.00,315,0.34
501770,101770,50000.00,657,0.21
501771,101771,50000.00,432,0.30
501772,101772,50000.00,611,0.71
501773,101773,150000.00,781,0.12
501774,101774,150000.00,843,0.55
501775,101775,75000.00,604,0.21
501776,101776,50000.00,568,0.36
501777,101777,300000.00,713,0.27
501778,101778,50000.00,324,1.07
501779,101779,200000.00,615,0.86
501780,101780,200000.00,870,1.05
501781,101781,75000.00,575,0.49
501782,101782,300000.00,688,0.41
501783,101783,50000.00,743,0.49
501784,101784,300000.00,726,0.07
501785,101785,75000.00,356,0.88
501786,101786,200000.00,865,0.45
501787,101787,200000.00,667,0.41
501788,101788,150000.00,641,0.74
501789,101789,75000.00,603,0.55
501790,101790,75000.00,673,1.18
501791,101791,50000.00,NULL,0.46
501792,101792,50000.00,305,0.76
501793,101793,150000.00,578,0.41
501794,101794,100000.00,681,1.19
501795,101795,300000.00,312,0.56
501796,101796,100000.00,NULL,0.78
501797,101797,100000.00,855,0.20
501798,101798,75000.00,NULL,0.89
501799,101799,300000.00,453,0.36
501800,101800,75000.00,480,0.57
501801,101801,300000.00,825,1.07
501802,101802,200000.00,479,1.17
501803,101803,75000.00,676,0.54
501804,101804,75000.00,NULL,1.01
501805,101805,75000.00,513,0.11
501806,101806,150000.00,449,1.02
501807,101807,75000.00,315,0.77
501808,101808,50000.00,390,0.61
501809,101809,50000.00,NULL,1.07
501810,101810,300000.00,552,1.02
501811,101811,200000.00,359,0.39
501812,101812,150000.00,565,0.96
501813,101813,300000.00,708,0.16
501814,101814,50000.00,330,1.00
501815,101815,150000.00,NULL,0.83
501816,101816,150000.00,892,0.15
501817,101817,200000.00,588,0.84
501818,101818,150000.00,842,0.72
501819,101819,75000.00,797,0.73
501820,101820,150000.00,773,0.38
501821,101821,200000.00,704,0.36
501822,101822,300000.00,847,0.93
501823,101823,200000.00,431,0.35
501824,101824,200000.00,623,0.56
501825,101825,50000.00,431,0.85
501826,101826,75000.00,820,0.14
501827,101827,50000.00,329,0.73
501828,101828,300000.00,600,0.73
501829,101829,100000.00,303,0.84
501830,101830,300000.00,624,0.48
501831,101831,75000.00,808,0.57
501832,101832,150000.00,536,0.43
501833,101833,200000.00,834,0.98
501834,101834,100000.00,315,0.20
501835,101835,75000.00,833,1.16
501836,101836,50000.00,NULL,0.78
501837,101837,200000.00,NULL,1.07
501838,101838,300000.00,802,0.54
501839,101839,50000.00,529,0.43
501840,101840,75000.00,406,1.09
501841,101841,75000.00,688,0.16
501842,101842,300000.00,562,0.18
501843,101843,100000.00,862,0.39
501844,101844,300000.00,364,1.15
501845,101845,150000.00,564,0.78
501846,101846,50000.00,637,0.69
501847,101847,100000.00,600,0.86
501848,101848,200000.00,677,0.53
501849,101849,150000.00,NULL,0.92
501850,101850,100000.00,451,0.50
501851,101851,50000.00,775,1.00
501852,101852,75000.00,565,0.36
501853,101853,200000.00,628,0.37
501854,101854,300000.00,462,0.65
501855,101855,50000.00,737,0.55
501856,101856,150000.00,642,0.80
501857,101857,150000.00,666,0.47
501858,101858,75000.00,764,0.32
501859,101859,75000.00,498,0.59
501860,101860,200000.00,799,0.70
501861,101861,300000.00,315,0.21
501862,101862,200000.00,595,0.69
501863,101863,75000.00,810,0.42
501864,101864,75000.00,538,0.50
501865,101865,150000.00,880,0.37
501866,101866,75000.00,600,1.12
501867,101867,100000.00,305,0.84
501868,101868,50000.00,519,0.35
501869,101869,75000.00,752,0.79
501870,101870,200000.00,732,1.03
501871,101871,300000.00,685,0.51
501872,101872,300000.00,594,1.00
501873,101873,300000.00,417,0.23
501874,101874,100000.00,704,1.00
501875,101875,200000.00,893,0.67
501876,101876,100000.00,865,0.31
501877,101877,75000.00,311,0.52
501878,101878,50000.00,508,1.19
501879,101879,300000.00,464,0.95
501880,101880,200000.00,593,0.71
501881,101881,300000.00,818,0.18
501882,101882,100000.00,377,0.53
501883,101883,150000.00,733,0.35
501884,101884,75000.00,876,0.13
501885,101885,50000.00,376,0.67
501886,101886,75000.00,347,1.07
501887,101887,150000.00,381,0.83
501888,101888,50000.00,508,0.34
501889,101889,150000.00,744,0.71
501890,101890,75000.00,895,1.13
501891,101891,100000.00,821,0.88
501892,101892,75000.00,328,0.84
501893,101893,75000.00,603,1.16
501894,101894,75000.00,764,0.97
501895,101895,200000.00,801,0.21
501896,101896,150000.00,745,0.45
501897,101897,150000.00,789,1.16
501898,101898,300000.00,727,0.61
501899,101899,150000.00,858,0.18
501900,101900,300000.00,658,0.58
501901,101901,200000.00,390,0.85
501902,101902,100000.00,352,1.20
501903,101903,300000.00,888,0.42
501904,101904,75000.00,503,0.64
501905,101905,100000.00,855,1.06
501906,101906,200000.00,455,0.46
501907,101907,150000.00,301,0.18
501908,101908,300000.00,NULL,1.14
501909,101909,75000.00,868,0.61
501910,101910,50000.00,357,0.63
501911,101911,50000.00,553,0.76
501912,101912,100000.00,479,0.05
501913,101913,150000.00,792,1.12
501914,101914,50000.00,334,0.47
501915,101915,100000.00,374,0.51
501916,101916,200000.00,588,0.25
501917,101917,100000.00,670,0.48
501918,101918,100000.00,886,0.97
501919,101919,100000.00,628,0.97
501920,101920,75000.00,889,1.13
501921,101921,100000.00,603,0.51
501922,101922,300000.00,NULL,0.87
501923,101923,100000.00,520,0.63
501924,101924,75000.00,463,0.97
501925,101925,75000.00,779,0.87
501926,101926,200000.00,754,0.47
501927,101927,150000.00,674,0.44
501928,101928,50000.00,519,0.34
501929,101929,50000.00,553,0.71
501930,101930,100000.00,487,1.16
501931,101931,200000.00,490,0.28
501932,101932,100000.00,688,0.16
501933,101933,50000.00,514,0.19
501934,101934,75000.00,674,0.95
501935,101935,150000.00,385,0.45
501936,101936,200000.00,773,0.31
501937,101937,75000.00,NULL,0.46
501938,101938,150000.00,346,0.79
501939,101939,200000.00,364,0.68
501940,101940,200000.00,774,0.91
501941,101941,50000.00,445,0.44
501942,101942,75000.00,681,0.57
501943,101943,200000.00,365,0.17
501944,101944,300000.00,816,0.13
501945,101945,200000.00,392,0.58
501946,101946,150000.00,725,0.40
501947,101947,50000.00,767,0.75
501948,101948,100000.00,393,0.10
501949,101949,50000.00,432,0.19
501950,101950,100000.00,733,1.04
501951,101951,75000.00,NULL,0.70
501952,101952,75000.00,613,0.87
501953,101953,200000.00,890,1.02
501954,101954,300000.00,511,0.58
501955,101955,75000.00,819,0.93
501956,101956,200000.00,458,0.65
501957,101957,50000.00,567,0.31
501958,101958,75000.00,773,0.44
501959,101959,50000.00,709,0.61
501960,101960,50000.00,773,0.41
501961,101961,300000.00,655,0.44
501962,101962,75000.00,492,0.44
501963,101963,50000.00,570,0.19
501964,101964,300000.00,413,0.15
501965,101965,300000.00,NULL,0.10
501966,101966,75000.00,354,0.18
501967,101967,300000.00,364,0.45
501968,101968,75000.00,571,0.73
501969,101969,75000.00,801,0.27
501970,101970,100000.00,661,1.07
501971,101971,50000.00,445,0.98
501972,101972,150000.00,508,0.65
501973,101973,75000.00,585,0.88
501974,101974,50000.00,309,0.47
501975,101975,300000.00,485,0.09
501976,101976,200000.00,873,1.09
501977,101977,75000.00,896,0.20
501978,101978,300000.00,763,1.14
501979,101979,300000.00,433,0.71
501980,101980,300000.00,470,0.40
501981,101981,300000.00,512,0.62
501982,101982,300000.00,NULL,0.63
501983,101983,75000.00,801,0.08
501984,101984,150000.00,871,0.46
501985,101985,100000.00,899,0.90
501986,101986,300000.00,326,0.64
501987,101987,300000.00,367,0.33
501988,101988,100000.00,707,0.44
501989,101989,75000.00,851,1.04
501990,101990,50000.00,408,0.65
501991,101991,200000.00,373,0.66
501992,101992,200000.00,877,1.16
501993,101993,50000.00,561,0.42
501994,101994,75000.00,NULL,0.60
501995,101995,200000.00,536,0.98
501996,101996,100000.00,665,0.92
501997,101997,50000.00,585,0.36
501998,101998,150000.00,677,0.22
501999,101999,75000.00,675,0.86
